mu,N,Omega,a_m,eta,n_minus
3.834454390311e-01,-1.096243326484e+01,6.650434488489e+00,-2.366582715663e-32,0.000000000000e+00,1
3.828017820330e-01,-1.098329300841e+01,6.643371700759e+00,3.000000000000e-02,-1.853047042750e-18,1
3.825713479462e-01,-1.099063848071e+01,6.640839928135e+00,3.489544271622e-02,-1.367129897846e-18,1
3.822486737925e-01,-1.100082038942e+01,6.637291887233e+00,4.072758081538e-02,4.046573286600e-18,1
3.817952314810e-01,-1.101493098266e+01,6.632300442074e+00,4.765790738808e-02,2.370618586789e-17,1
3.811561190744e-01,-1.103444570953e+01,6.625254404287e+00,5.586584887289e-02,-6.914959496548e-17,1
3.802530551928e-01,-1.106132173388e+01,6.615277400113e+00,6.554614871262e-02,-1.400597306741e-17,1
3.789743160642e-01,-1.109809617879e+01,6.601109189885e+00,7.690487342641e-02,-2.250187791158e-16,1
3.771601872605e-01,-1.114796790538e+01,6.580930193247e+00,9.015530745001e-02,2.321810050547e-16,1
3.745817846104e-01,-1.121484264375e+01,6.552099092533e+00,1.055163968571e-01,-1.150034500535e-15,1
3.709100991640e-01,-1.130331937161e+01,6.510757082350e+00,1.232176328485e-01,-1.070489074620e-15,1
3.656708906787e-01,-1.141858925368e+01,6.451229649940e+00,1.435147461199e-01,6.691242445299e-18,1
3.584318863087e-01,-1.156149934938e+01,6.368043137857e+00,1.660174760856e-01,2.155834055240e-15,1
3.499576815084e-01,-1.171050218033e+01,6.269425138483e+00,1.875620489531e-01,4.565254335026e-17,1
3.402486953814e-01,-1.186270199012e+01,6.154975091570e+00,2.083648897655e-01,8.800536443572e-18,1
3.293126527943e-01,-1.201564914491e+01,6.024391853793e+00,2.286147708743e-01,-3.008396832056e-16,1
3.171669167775e-01,-1.216715432979e+01,5.877515242249e+00,2.484771339813e-01,2.349721363172e-16,1
3.038409100409e-01,-1.231515562918e+01,5.714370186683e+00,2.680992435487e-01,-2.525278582128e-16,1
2.893789487082e-01,-1.245761859744e+01,5.535217660783e+00,2.876147441195e-01,-2.864255321978e-16,1
2.738437134535e-01,-1.259245699468e+01,5.340615353523e+00,3.071471742263e-01,3.240346580592e-17,1
2.573205150422e-01,-1.271746793829e+01,5.131490015112e+00,3.268122593034e-01,2.142239727963e-17,1
2.399224130934e-01,-1.283028049427e+01,4.909221750358e+00,3.467187953213e-01,4.029977252540e-16,1
2.217960459229e-01,-1.292832228114e+01,4.675737189408e+00,3.669678177971e-01,-1.202086025294e-15,1
2.031276294292e-01,-1.300881526636e+01,4.433602066385e+00,3.876496286303e-01,-8.209416007124e-16,1
1.841478797509e-01,-1.306881940645e+01,4.186092883155e+00,4.088382510250e-01,3.073941167293e-17,1
1.651335808821e-01,-1.310534863514e+01,3.937211985056e+00,4.305832044870e-01,-1.452007029099e-16,1
1.464024167028e-01,-1.311558148252e+01,3.691595018924e+00,4.528993950473e-01,2.959113348577e-15,1
1.282973630568e-01,-1.309716813304e+01,3.454257514996e+00,4.757574892999e-01,-3.791663133509e-15,1
1.111588093980e-01,-1.304859038033e+01,3.230159015977e+00,4.990788293694e-01,-4.911114787315e-15,1
9.528756528821e-02,-1.296947399786e+01,3.023640171779e+00,5.227392375654e-01,9.338600789460e-16,1
8.090828225044e-02,-1.286072728198e+01,2.837881524382e+00,5.465833740876e-01,-4.436190164084e-15,1
6.814569981596e-02,-1.272442851066e+01,2.674568621398e+00,5.704462472093e-01,5.684261277612e-15,1
5.702163347221e-02,-1.256349484342e+01,2.533873298062e+00,5.941746229435e-01,4.082336140783e-15,1
4.747122238777e-02,-1.238125712301e+01,2.414718300281e+00,6.176417124552e-01,-5.553644073060e-15,1
3.936969123394e-02,-1.218107519503e+01,2.315188108100e+00,6.407527642681e-01,-5.852477109033e-16,1
3.255990569945e-02,-1.196607066810e+01,2.232940424876e+00,6.634433292307e-01,-3.554021497691e-15,1
2.687458068886e-02,-1.173898664512e+01,2.165530103880e+00,6.856736203238e-01,-1.403617349751e-15,1
2.215124455684e-02,-1.150214503660e+01,2.110621372513e+00,7.074218910713e-01,-2.215879294874e-16,1
1.824074554613e-02,-1.125746342583e+01,2.066103217404e+00,7.286785054530e-01,-1.371402291589e-15,1
1.501105928763e-02,-1.100650080355e+01,2.030135922340e+00,7.494413169241e-01,3.095252567860e-15,1
1.234811586648e-02,-1.075051253456e+01,2.001155088226e+00,7.697123704940e-01,-2.407859641792e-15,1
1.015495184526e-02,-1.049050397843e+01,1.977852678036e+00,7.894956952423e-01,6.806279975942e-16,1
8.350052536774e-03,-1.022727806307e+01,1.959147770467e+00,8.087959062790e-01,8.786104380151e-16,1
6.865406181830e-03,-9.961475396925e+00,1.944154480936e+00,8.276173703391e-01,-9.110232538470e-16,1
5.644558948548e-03,-9.693607120531e+00,1.932151035730e+00,8.459637467128e-01,-2.111999327089e-15,1
4.640815010793e-03,-9.424081362503e+00,1.922551866962e+00,8.638377693128e-01,2.560513823159e-15,1
3.815641612406e-03,-9.153224344367e+00,1.914883389061e+00,8.812411783269e-01,7.196668715694e-16,1
3.137292696289e-03,-8.881297134087e+00,1.908763475956e+00,8.981747408620e-01,5.255765388557e-16,1
2.579641062506e-03,-8.608508918120e+00,1.903884348704e+00,9.146383214060e-01,-4.220714035545e-16,1
2.121198397163e-03,-8.335027512651e+00,1.899998459765e+00,9.306309773131e-01,1.780369931144e-16,1
1.744299007738e-03,-8.060987694919e+00,1.896906935525e+00,9.461510640051e-01,-6.648290302244e-16,1
1.434423283515e-03,-7.786497816208e+00,1.894450162761e+00,9.611963407116e-01,-4.503150336906e-16,1
1.179638828471e-03,-7.511645060057e+00,1.892500149898e+00,9.757640715138e-01,-2.500905241362e-16,1
9.701398239348e-04,-7.236499631107e+00,1.890954345186e+00,9.898511189324e-01,-7.571787007786e-16,1
7.978679092105e-04,-6.961118098112e+00,1.889730643897e+00,1.003454028855e+00,-8.094511653490e-16,1
6.562004458067e-04,-6.685546066923e+00,1.888763361909e+00,1.016569106503e+00,7.884268408096e-16,1
5.396943350063e-04,-6.409820321009e+00,1.887999992421e+00,1.029192483716e+00,-4.262615814072e-16,1
4.438755568009e-04,-6.133970538301e+00,1.887398595930e+00,1.041320178098e+00,6.977328055756e-16,1
3.650662962630e-04,-5.858020670064e+00,1.886925701471e+00,1.052948144731e+00,-5.418122513033e-17,1
3.002429491480e-04,-5.581990049488e+00,1.886554620117e+00,1.064072321212e+00,-2.429125345573e-16,1
2.469194855665e-04,-5.305894284054e+00,1.886264090618e+00,1.074688666748e+00,2.728866954873e-16,1
2.030516332536e-04,-5.029745974426e+00,1.886037192409e+00,1.084793196012e+00,7.273886524652e-16,1
1.669581526357e-04,-4.753555293947e+00,1.885860473715e+00,1.094382008420e+00,-1.403850382536e-15,1
1.372561431337e-04,-4.477330456212e+00,1.885723252617e+00,1.103451313401e+00,6.521526941466e-16,1
1.128078681071e-04,-4.201078092449e+00,1.885617057106e+00,1.111997452187e+00,2.022941630534e-16,1
9.267703581896e-05,-3.924803556226e+00,1.885535176797e+00,1.120016916592e+00,-1.273888036520e-15,1
7.609284273550e-05,-3.648511169713e+00,1.885472304286e+00,1.127506365168e+00,1.854255228953e-16,1
6.242038800053e-05,-3.372204422665e+00,1.885424248469e+00,1.134462637099e+00,-1.559644927673e-16,1
5.113631584004e-05,-3.095886133347e+00,1.885387705584e+00,1.140882764138e+00,5.415626861005e-16,1
4.180874582374e-05,-2.819558578778e+00,1.885360076557e+00,1.146763980843e+00,4.155076333794e-16,1
3.408071718501e-05,-2.543223600126e+00,1.885339321490e+00,1.152103733335e+00,-1.145777543196e-15,1
2.765650959362e-05,-2.266882688245e+00,1.885323843921e+00,1.156899686781e+00,-9.871420422417e-16,1
2.229031400046e-05,-1.990537053096e+00,1.885312398998e+00,1.161149731756e+00,-3.682504730359e-16,1
1.777681795391e-05,-1.714187680280e+00,1.885304020841e+00,1.164851989616e+00,5.512057845071e-16,1
1.394334370967e-05,-1.437835377319e+00,1.885297965366e+00,1.168004817022e+00,4.439104674945e-17,1
1.064323725905e-05,-1.161480811649e+00,1.885293665601e+00,1.170606809681e+00,-3.237200048205e-16,1
7.750254626398e-06,-8.851245422589e-01,1.885290697158e+00,1.172656805407e+00,1.927630649535e-16,1
5.153730096576e-06,-6.087670462137e-01,1.885288752051e+00,1.174153886561e+00,-3.016021697949e-16,1
2.754341227472e-06,-3.324087415385e-01,1.885287619469e+00,1.175097381910e+00,9.069679389557e-16,1
4.603082605696e-07,-5.605000721246e-02,1.885287172494e+00,1.175486867962e+00,8.212512115291e-16,1
-1.816117558317e-06,2.203087985270e-01,1.885287360048e+00,1.175322169791e+00,1.429138999780e-15,1
-4.162011331129e-06,4.966673208960e-01,1.885288203638e+00,1.174603361376e+00,2.756199527462e-16,1
-6.667106045224e-06,7.730251914256e-01,1.885289798725e+00,1.173330765457e+00,-5.805858873045e-16,1
-9.427225885472e-06,1.049382010196e+00,1.885292320796e+00,1.171504952911e+00,6.112353692710e-16,1
-1.254795282482e-05,1.325737326590e+00,1.885296036458e+00,1.169126741626e+00,9.717076523487e-17,1
-1.614866693292e-05,1.602090617718e+00,1.885301320146e+00,1.166197194857e+00,3.739928574632e-16,1
-2.036711517477e-05,1.878441263524e+00,1.885308677341e+00,1.162717619029e+00,3.433339583706e-16,1
-2.536468385694e-05,2.154788517350e+00,1.885318775518e+00,1.158689560934e+00,-2.753564209877e-17,1
-3.133257686839e-05,2.431131470708e+00,1.885332484461e+00,1.154114804278e+00,-4.260639311614e-17,1
-3.849913672248e-05,2.707469010600e+00,1.885350928055e+00,1.148995365483e+00,4.270640064443e-16,1
-4.713858943861e-05,2.983799767402e+00,1.885375550245e+00,1.143333488671e+00,-5.740823870708e-16,1
-5.758154913030e-05,3.260122051032e+00,1.885408198574e+00,1.137131639722e+00,1.801647757235e-16,1
-7.022768604479e-05,3.536433772335e+00,1.885451229585e+00,1.130392499263e+00,-1.238877923857e-16,1
-8.556104537019e-05,3.812732346272e+00,1.885507641459e+00,1.123118954452e+00,1.512568231997e-15,1
-1.041686065601e-04,4.089014572386e+00,1.885581240609e+00,1.115314089363e+00,-1.877867058139e-17,1
-1.267627984197e-04,4.365276487066e+00,1.885676850618e+00,1.106981173774e+00,-1.696118809313e-15,1
-1.542088385100e-04,4.641513181007e+00,1.885800573962e+00,1.098123650105e+00,-9.452328119490e-16,1
-1.875579528354e-04,4.917718573318e+00,1.885960119539e+00,1.088745118213e+00,3.637492446140e-16,1
-2.280877603572e-04,5.193885132003e+00,1.886165212210e+00,1.078849317737e+00,-4.211217293212e-16,1
-2.773513860254e-04,5.470003527904e+00,1.886428104474e+00,1.068440107575e+00,-7.643747975813e-16,1
-3.372372063851e-04,5.746062206029e+00,1.886764215337e+00,1.057521442097e+00,-4.946820763823e-16,1
-4.100415470017e-04,6.022046854328e+00,1.887192927469e+00,1.046097343564e+00,-9.125776851253e-18,1
-4.985571568033e-04,6.297939744967e+00,1.887738581251e+00,1.034171870212e+00,-7.611238043944e-16,1
-6.061809005998e-04,6.573718916845e+00,1.888431713640e+00,1.021749079371e+00,-1.114799214271e-16,1
-7.370448601749e-04,6.849357160392e+00,1.889310601203e+00,1.008832984941e+00,-1.880211309047e-15,1
-8.961759435449e-04,7.124820755400e+00,1.890423180847e+00,9.954275084981e-01,-1.192126063983e-15,1
-1.089690202023e-03,7.400067900399e+00,1.891829439123e+00,9.815364232609e-01,-2.107353844097e-16,1
-1.325029379016e-03,7.675046755306e+00,1.893604382214e+00,9.671632902210e-01,-1.915862889362e-16,1
-1.611248798241e-03,7.949692998926e+00,1.895841724536e+00,9.523113857804e-01,7.886142714476e-16,1
-1.959367572607e-03,8.223926776171e+00,1.898658464953e+00,9.369836205048e-01,-2.001652079143e-16,1
-2.382794295466e-03,8.497648875715e+00,1.902200556502e+00,9.211824490260e-01,-5.251895533449e-17,1
-2.897843850049e-03,8.770735935504e+00,1.906649918469e+00,9.049097718700e-01,9.648936686994e-16,1
-3.524363661985e-03,9.043034417520e+00,1.912233087947e+00,8.881668312576e-01,5.528029239074e-16,1
-4.286490424305e-03,9.314353022150e+00,1.919231859332e+00,8.709541049753e-01,1.291480895685e-16,1
-5.213560618945e-03,9.584453122827e+00,1.927996309097e+00,8.532712056918e-01,-8.025226386005e-16,1
-6.341199219126e-03,9.853036691274e+00,1.938960638196e+00,8.351167982143e-01,5.514648671565e-16,1
-7.712609250016e-03,1.011973105128e+01,1.952662263989e+00,8.164885551742e-01,-8.890014832793e-16,1
-9.380077683810e-03,1.038406965226e+01,1.969764518039e+00,7.973831837531e-01,2.127847558684e-15,1
-1.140669570317e-02,1.064546791059e+01,1.991083085578e+00,7.777965743644e-01,4.101985427593e-16,1
-1.386825573106e-02,1.090319307687e+01,2.017615837948e+00,7.577241489178e-01,-3.148689342681e-15,1
-1.685522097506e-02,1.115632715381e+01,2.050574766611e+00,7.371615239524e-01,5.963997524268e-16,1
-2.047454623069e-02,1.140372231630e+01,2.091417028602e+00,7.161056535184e-01,-2.619280078087e-15,1
-2.485093530260e-02,1.164394944520e+01,2.141869248560e+00,6.945566742770e-01,-4.605593977246e-16,1
-3.012682368575e-02,1.187524289200e+01,2.203934745471e+00,6.725207238649e-01,6.703739330589e-15,1
-3.645996859663e-02,1.209544930443e+01,2.279867085879e+00,6.500139989049e-01,3.179951044852e-16,1
-4.401707949788e-02,1.230199608723e+01,2.372086194364e+00,6.270681703849e-01,3.267477817827e-15,1
-5.296167090272e-02,1.249190562663e+01,2.483008625656e+00,6.037368368997e-01,-1.784651477013e-15,1
-6.343478560328e-02,1.266189128664e+01,2.614769274803e+00,5.801018289682e-01,5.136740018493e-15,1
-7.552915550798e-02,1.280857087289e+01,2.768839147650e+00,5.562769477343e-01,1.632004537995e-16,1
-8.926109022635e-02,1.292880806063e+01,2.945599207572e+00,5.324057598140e-01,2.876606932355e-15,1
-1.045486547490e-01,1.302013453126e+01,3.143996571749e+00,5.086506772369e-01,5.241589138957e-15,1
-1.212060615445e-01,1.308113714269e+01,3.361435195692e+00,4.851737500605e-01,-5.404288906080e-15,1
-1.389594062004e-01,1.311167070729e+01,3.593987151149e+00,4.621142430369e-01,-4.596718233768e-15,1
-1.574794816096e-01,1.311281856615e+01,3.836870971860e+00,4.395705870941e-01,-7.196241065783e-15,1
-1.764201421432e-01,1.308663666309e+01,4.085029084718e+00,4.175921325818e-01,2.998740187971e-15,1
-1.954507114416e-01,1.303579758286e+01,4.333628569677e+00,3.961810261093e-01,1.972461949178e-15,1
-2.142765914374e-01,1.296325286851e+01,4.578389819548e+00,3.753005582024e-01,1.062207681912e-17,1
-2.326482487673e-01,1.287198108536e+01,4.815738588504e+00,3.548854986038e-01,6.782724121705e-16,1
-2.503618977615e-01,1.276483537365e+01,5.042827454213e+00,3.348512873673e-01,6.384004242135e-17,1
-2.672555756081e-01,1.264447360181e+01,5.257481544900e+00,3.151007085059e-01,-1.038831932669e-16,1
-2.832033644119e-01,1.251334591134e+01,5.458111021591e+00,2.955278720486e-01,-6.206958884882e-17,1
-2.981093888185e-01,1.237371811690e+01,5.643616413129e+00,2.760198615194e-01,-4.449660597480e-18,1
-3.119023723147e-01,1.222771676993e+01,5.813300043344e+00,2.564565029378e-01,1.549103274298e-16,1
-3.245310241477e-01,1.207738878586e+01,5.966788730206e+00,2.367086181800e-01,1.787635965520e-16,1
-3.359602609032e-01,1.192477446015e+01,6.103968547720e+00,2.166349944254e-01,-2.132560077591e-16,1
-3.461681375798e-01,1.177199796096e+01,6.224930251820e+00,1.960782348811e-01,-3.550579536083e-16,1
-3.551432908568e-01,1.162138500514e+01,6.329922802607e+00,1.748597842183e-01,1.578251307209e-15,1
-3.628826194505e-01,1.147562436331e+01,6.419311384464e+00,1.527750409858e-01,-1.856050923279e-16,1
-3.693887875476e-01,1.133799760729e+01,6.493534697990e+00,1.295913239024e-01,-2.114317910719e-15,1
-3.746669038568e-01,1.121270254885e+01,6.553053600436e+00,1.050562851350e-01,2.617450753606e-15,1
-3.787195377580e-01,1.110525615422e+01,6.598280722504e+00,7.893523486710e-02,-1.660174281502e-15,1
-3.815399602344e-01,1.102277665939e+01,6.629487644050e+00,5.111292253738e-02,-7.452550771459e-17,1
-3.831075558243e-01,1.097344751789e+01,6.646728601558e+00,2.179023376342e-02,2.979134461396e-18,1
-3.833964132357e-01,1.096404038026e+01,6.649897007070e+00,-8.320228239428e-03,-3.155958088297e-20,1
