N,mu,F,a_1,eta,n_minus
-2.331468351713e-16,0.000000000000e+00,1.885287159592e+00,-1.175498266480e+00,0.000000000000e+00,0
-3.387088469515e-02,2.781170095615e-07,1.885287154882e+00,-1.175494104016e+00,-4.265717757704e-17,0
-7.451599220655e-02,6.120821049031e-07,1.885287136792e+00,-1.175478120169e+00,2.569260006777e-16,0
-1.232901998250e-01,1.013531571143e-06,1.885287097152e+00,-1.175443115703e+00,-1.028747632360e-16,0
-1.818193838276e-01,1.496903247390e-06,1.885287023696e+00,-1.175378324524e+00,7.137665321805e-17,0
-2.520546362645e-01,2.080404140299e-06,1.885286898095e+00,-1.175267764993e+00,-2.738558608288e-16,0
-3.363373373996e-01,2.787500642467e-06,1.885286693016e+00,-1.175087850673e+00,-1.151737633713e-16,0
-4.374772638276e-01,3.649298888419e-06,1.885286367645e+00,-1.174803932497e+00,3.186401563269e-16,0
-5.588463547140e-01,4.708473089725e-06,1.885285860768e+00,-1.174365300545e+00,-3.449642410833e-16,0
-7.044912940754e-01,6.025941479772e-06,1.885285079751e+00,-1.173697967773e+00,1.805451370847e-16,0
-8.792687173708e-01,7.692529211935e-06,1.885283882433e+00,-1.172694264211e+00,-3.201727119710e-16,0
-1.082511537549e+00,9.780108226634e-06,1.885282109884e+00,-1.171248976016e+00,-1.173560507780e-15,0
-1.285753900737e+00,1.206973875640e-05,1.885279893285e+00,-1.169504966458e+00,-4.169575466311e-17,0
-1.488995694660e+00,1.460872759683e-05,1.885277186846e+00,-1.167462654599e+00,-3.009331286377e-16,0
-1.692236792313e+00,1.744953609322e-05,1.885273934655e+00,-1.165122530051e+00,-2.391751572751e-16,0
-1.895477048675e+00,2.065086507756e-05,1.885270069529e+00,-1.162485152291e+00,-1.684645799686e-16,0
-2.098716297019e+00,2.427886909929e-05,1.885265511618e+00,-1.159551149839e+00,-8.239778075712e-17,0
-2.301954344652e+00,2.840852516066e-05,1.885260166761e+00,-1.156321219304e+00,7.528674070936e-16,0
-2.505190968043e+00,3.312518440302e-05,1.885253924537e+00,-1.152796124265e+00,2.940352987513e-17,0
-2.708425907158e+00,3.852633903299e-05,1.885246655982e+00,-1.148976693986e+00,7.714269471730e-17,0
-2.911658858876e+00,4.472364129700e-05,1.885238210927e+00,-1.144863821938e+00,1.057349892030e-15,0
-3.114889469368e+00,5.184521660262e-05,1.885228414891e+00,-1.140458464097e+00,1.805018391971e-16,0
-3.318117325211e+00,6.003831911998e-05,1.885217065476e+00,-1.135761637004e+00,6.838887856406e-16,0
-3.521341942983e+00,6.947238540981e-05,1.885203928179e+00,-1.130774415549e+00,-3.593786681122e-16,0
-3.724562757181e+00,8.034255009753e-05,1.885188731552e+00,-1.125497930443e+00,-1.380820819386e-16,0
-3.927779106056e+00,9.287369746084e-05,1.885171161580e+00,-1.119933365329e+00,-5.423175032444e-16,0
-4.130990215066e+00,1.073251342263e-04,1.885150855192e+00,-1.114081953503e+00,1.293955597234e-15,0
-4.334195177540e+00,1.239959822848e-04,1.885127392754e+00,-1.107944974159e+00,5.834346757668e-16,0
-4.537392932040e+00,1.432314055532e-04,1.885100289385e+00,-1.101523748127e+00,-3.686702147575e-16,0
-4.740582235857e+00,1.654298033700e-04,1.885068984934e+00,-1.094819632995e+00,-1.299221313957e-15,0
-4.943761633991e+00,1.910511239961e-04,1.885032832381e+00,-1.087834017559e+00,5.723103886453e-16,0
-5.146929422782e+00,2.206264765117e-04,1.884991084461e+00,-1.080568315479e+00,-5.261684094417e-17,0
-5.350083607324e+00,2.547692483396e-04,1.884942878192e+00,-1.073023958038e+00,6.558962572322e-16,0
-5.553221851474e+00,2.941879695095e-04,1.884887217020e+00,-1.065202385858e+00,-4.373368307509e-16,0
-5.756341419226e+00,3.397012045487e-04,1.884822950189e+00,-1.057105039440e+00,1.122687699959e-15,0
-5.959439105851e+00,3.922547996369e-04,1.884748748924e+00,-1.048733348320e+00,1.764817356296e-16,0
-6.162511156973e+00,4.529418677458e-04,1.884663078917e+00,-1.040088718661e+00,9.758469358309e-16,0
-6.365553173390e+00,5.230259595690e-04,1.884564168570e+00,-1.031172519013e+00,-8.479173165365e-16,0
-6.568559998981e+00,6.039679450873e-04,1.884449972313e+00,-1.021986063984e+00,-1.134297477448e-15,0
-6.771525588605e+00,6.974572221980e-04,1.884318128263e+00,-1.012530595479e+00,-1.138204255408e-15,0
-6.974442852091e+00,8.054479778488e-04,1.884165909340e+00,-1.002807261125e+00,5.777155420414e-16,0
-7.177303469839e+00,9.302013576442e-04,1.883990166836e+00,-9.928170894469e-01,1.554925569360e-15,0
-7.380097674383e+00,1.074334556404e-03,1.883787265305e+00,-9.825609612516e-01,1.091043373190e-15,0
-7.582813991165e+00,1.240878030857e-03,1.883553007419e+00,-9.720395766254e-01,-7.298335044804e-16,0
-7.785438930192e+00,1.433342264010e-03,1.883282547315e+00,-9.612534168033e-01,-6.245721791718e-16,0
-7.987956618325e+00,1.655795788315e-03,1.882970290678e+00,-9.502027000646e-01,2.156086407697e-15,0
-8.190348359515e+00,1.912956513692e-03,1.882609779618e+00,-9.388873306436e-01,-3.547278011005e-16,0
-8.392592107174e+00,2.210298822447e-03,1.882193560116e+00,-9.273068394547e-01,4.448304349578e-16,0
-8.594661828823e+00,2.554179405799e-03,1.881713029551e+00,-9.154603152122e-01,-2.906111421682e-16,0
-8.796526737935e+00,2.951985451849e-03,1.881158261570e+00,-9.033463242497e-01,-2.735956458899e-15,0
-8.998150361085e+00,3.412309585004e-03,1.880517805270e+00,-8.909628170216e-01,-2.716656292344e-15,0
-9.199489399435e+00,3.945156944132e-03,1.879778455501e+00,-8.783070188779e-01,-1.804525881763e-15,0
-9.400492331635e+00,4.562191024730e-03,1.878924991001e+00,-8.653753022432e-01,-8.243175058051e-16,0
-9.601097689137e+00,5.277026466989e-03,1.877939877202e+00,-8.521630367822e-01,-5.073057197686e-16,0
-9.801231913218e+00,6.105578931701e-03,1.876802931058e+00,-8.386644135044e-01,8.820236576489e-16,0
-1.000080667320e+01,7.066484671238e-03,1.875490946413e+00,-8.248722380686e-01,-3.610308446853e-15,0
-1.019971548483e+01,8.181605494096e-03,1.873977280635e+00,-8.107776877970e-01,-9.902308844883e-17,0
-1.039782941128e+01,9.476638660694e-03,1.872231407285e+00,-7.963700262363e-01,-1.359694825618e-15,0
-1.059499155011e+01,1.098185593511e-02,1.870218446553e+00,-7.816362686911e-01,-1.900775440058e-15,0
-1.079100989947e+01,1.273300156199e-02,1.867898697058e+00,-7.665607923550e-01,-1.355698045212e-15,0
-1.098564804006e+01,1.477238509019e-02,1.865227212546e+00,-7.511248863354e-01,2.940653986219e-16,0
-1.117861284963e+01,1.715021092073e-02,1.862153500304e+00,-7.353062413249e-01,-9.184986926410e-15,0
-1.136953815658e+01,1.992619012233e-02,1.858621473639e+00,-7.190783888308e-01,1.701939978197e-15,0
-1.155796281169e+01,2.317147676199e-02,1.854569883047e+00,-7.024101204728e-01,8.896219740857e-15,0
-1.174330108048e+01,2.697095051120e-02,1.849933603695e+00,-6.852649587496e-01,1.991532337557e-14,0
-1.192480254405e+01,3.142580867893e-02,1.844646408096e+00,-6.676008278693e-01,-9.733070231803e-15,0
-1.210149794566e+01,3.665629183535e-02,1.838646257739e+00,-6.493702165924e-01,9.404176320810e-16,0
-1.227212705340e+01,4.280406761188e-02,1.831884773095e+00,-6.305213801736e-01,-9.490191866431e-15,0
-1.243504577521e+01,5.003319605305e-02,1.824343425360e+00,-6.110015574255e-01,-2.538854030009e-14,0
-1.258811526304e+01,5.852749212542e-02,1.816059990077e+00,-5.907638178569e-01,-1.661386510802e-15,0
-1.272859128783e+01,6.848033079742e-02,1.807169164907e+00,-5.697798595042e-01,3.830201351244e-15,0
-1.285306636808e+01,8.007090828874e-02,1.797958784027e+00,-5.480611017603e-01,1.274836792615e-14,0
-1.295757301542e+01,9.342094229535e-02,1.788933385953e+00,-5.256877219043e-01,2.882754910214e-15,0
-1.303800088641e+01,1.085333058049e-01,1.780856259273e+00,-5.028368595994e-01,-3.351941893638e-14,0
-1.309090450568e+01,1.252341845042e-01,1.774719142893e+00,-4.797882901782e-01,-3.213869321644e-14,0
-1.311447422754e+01,1.431613026617e-01,1.771602260371e+00,-4.568838778510e-01,2.792809354235e-14,0
-1.310911109767e+01,1.618267234038e-01,1.772463527191e+00,-4.344463063245e-01,-2.083979620703e-15,1
-1.307719744029e+01,1.807256587592e-01,1.777968818290e+00,-4.127029294734e-01,-1.623737854328e-14,1
-1.302227402564e+01,1.994270791624e-01,1.788443057948e+00,-3.917573715244e-01,1.053070438709e-14,1
-1.294817914850e+01,2.176109174204e-01,1.803923440820e+00,-3.716077046829e-01,7.102516542782e-15,1
-1.285849449248e+01,2.350621868076e-01,1.824248711041e+00,-3.521828899039e-01,-9.995003360213e-16,1
-1.275631486016e+01,2.516471583737e-01,1.849137743918e+00,-3.333751952126e-01,-3.539110965838e-16,1
-1.264422089958e+01,2.672885048759e-01,1.878243014428e+00,-3.150613584743e-01,1.433053241893e-15,1
-1.252434365852e+01,2.819457259147e-01,1.911181663821e+00,-2.971137375058e-01,-8.485332783839e-16,1
-1.239845686858e+01,2.956014727274e-01,1.947550925084e+00,-2.794047358325e-01,4.878356587074e-16,1
-1.226806898989e+01,3.082525168073e-01,1.986933467001e+00,-2.618071997098e-01,-5.642184795321e-16,1
-1.213450672478e+01,3.199039192816e-01,2.028896023154e+00,-2.441924313132e-01,7.013714094882e-16,1
-1.199899093402e+01,3.305652616721e-01,2.072982773264e+00,-2.264266281323e-01,1.613819263604e-16,1
-1.186271029591e+01,3.402481347349e-01,2.118703389703e+00,-2.083660027975e-01,-9.764579707557e-16,1
-1.172690118161e+01,3.489643238066e-01,2.165514117810e+00,-1.898504844783e-01,1.780060112852e-15,1
-1.159294641995e+01,3.567242567241e-01,2.212788223722e+00,-1.706957154907e-01,1.973370548326e-15,1
-1.146251309612e+01,3.635352870451e-01,2.259768892989e+00,-1.506831564574e-01,3.231146531774e-15,1
-1.133776295740e+01,3.693992388344e-01,2.305492186879e+00,-1.295490624764e-01,-1.513318817346e-16,1
-1.122168999125e+01,3.743082771042e-01,2.348659364653e+00,-1.069767534810e-01,3.955864448626e-16,1
-1.111865560163e+01,3.782376345791e-01,2.387431833752e+00,-8.260843629505e-02,-4.833907832733e-15,1
-1.103511141455e+01,3.811340709127e-01,2.419154171300e+00,-5.612515687875e-02,1.373673189864e-16,1
-1.097996385415e+01,3.829055720954e-01,2.440222143610e+00,-2.749812965674e-02,-2.461961817624e-18,1
-1.096258515936e+01,3.834408096799e-01,2.446881209493e+00,2.557684215843e-03,-2.256188806484e-17,1
