mu,N,Omega,amplitude,a_n,n_minus
3.848115764925e-01,-1.140366313271e+01,6.665652030361e+00,6.559365783176e-08,-2.074253588101e-08,1
3.840459615767e-01,-1.150417005101e+01,6.656880829947e+00,9.948169925241e-02,-2.982627998231e-02,1
3.837986268070e-01,-1.153157638426e+01,6.654032023003e+00,1.134451845871e-01,-3.358880103384e-02,1
3.834558747361e-01,-1.156697210497e+01,6.650073408649e+00,1.298834441614e-01,-3.787495348203e-02,1
3.829777552622e-01,-1.161245678009e+01,6.644531981726e+00,1.492077420466e-01,-4.272725810841e-02,1
3.823066043371e-01,-1.167058422948e+01,6.636718441498e+00,1.719020144942e-01,-4.819037233997e-02,1
3.813589246127e-01,-1.174444212307e+01,6.625622822386e+00,1.985389654199e-01,-5.431386087738e-02,1
3.800135092345e-01,-1.183774214626e+01,6.609757631977e+00,2.298001077721e-01,-6.115585537506e-02,1
3.780940591146e-01,-1.195491789541e+01,6.586920742499e+00,2.665018405949e-01,-6.878770933155e-02,1
3.753437233041e-01,-1.210122437495e+01,6.553834743472e+00,3.096310881893e-01,-7.730006465153e-02,1
3.713878189074e-01,-1.228282664947e+01,6.505595180966e+00,3.603960690855e-01,-8.681123622750e-02,1
3.656793754376e-01,-1.250685182202e+01,6.434822791883e+00,4.203012476795e-01,-9.747964449468e-02,1
3.576994388712e-01,-1.277277752679e+01,6.333928612445e+00,4.890729117673e-01,-1.091599315098e-01,1
3.482559590588e-01,-1.304194914991e+01,6.212006825594e+00,5.573506039632e-01,-1.203057754642e-01,1
3.373335396451e-01,-1.331229635261e+01,6.068047565185e+00,6.255405955729e-01,-1.311058543980e-01,1
3.249257099192e-01,-1.358206453128e+01,5.901162394907e+00,6.939947548495e-01,-1.417060321747e-01,1
3.110368056287e-01,-1.384963507037e+01,5.710627914314e+00,7.630368030878e-01,-1.522277429617e-01,1
2.956847922334e-01,-1.411339851810e+01,5.495945701361e+00,8.329791986257e-01,-1.627792340824e-01,1
2.789053326023e-01,-1.437164904019e+01,5.256924678663e+00,9.041345412344e-01,-1.734631231059e-01,1
2.607575778124e-01,-1.462248222986e+01,4.993794900122e+00,9.768228212833e-01,-1.843819227479e-01,1
2.413323670970e-01,-1.486368481192e+01,4.707365291372e+00,1.051374074754e+00,-1.956422731450e-01,1
2.207637268979e-01,-1.509260957702e+01,4.399241349281e+00,1.128124124401e+00,-2.073579892019e-01,1
1.992446039938e-01,-1.530603659508e+01,4.072119396081e+00,1.207398524148e+00,-2.196513598669e-01,1
1.770472029681e-01,-1.550003895755e+01,3.730163679195e+00,1.289476401987e+00,-2.326512055155e-01,1
1.545460788221e-01,-1.566990791659e+01,3.379433000343e+00,1.374522788415e+00,-2.464849617136e-01,1
1.322364846883e-01,-1.581025629053e+01,3.028223587079e+00,1.462480244289e+00,-2.612611111967e-01,1
1.107303294451e-01,-1.591548952924e+01,2.687016417882e+00,1.552929950968e+00,-2.770398451012e-01,1
9.070300032316e-02,-1.598080516563e+01,2.367557766975e+00,1.644980781142e+00,-2.937977739347e-01,1
7.277588869958e-02,-1.600357182450e+01,2.080804398843e+00,1.737298483710e+00,-3.114066061861e-01,1
5.736930748448e-02,-1.598440158964e+01,1.834335455726e+00,1.828352858124e+00,-3.296504352647e-01,1
4.461082291282e-02,-1.592711093505e+01,1.630714006841e+00,1.916788314612e+00,-3.482816968373e-01,1
3.435607533353e-02,-1.583754454370e+01,1.467802235991e+00,2.001692324327e+00,-3.670814593809e-01,1
2.629038378773e-02,-1.572207910000e+01,1.340492518708e+00,2.082639310606e+00,-3.858909166937e-01,1
2.003802763176e-02,-1.558656020488e+01,1.242588701693e+00,2.159576269717e+00,-4.046115699526e-01,1
1.523592215223e-02,-1.543584103042e+01,1.168080927284e+00,2.232672149793e+00,-4.231902030516e-01,1
1.156849492999e-02,-1.527373097570e+01,1.111751933916e+00,2.302199552167e+00,-4.416023508304e-01,1
8.777053327384e-03,-1.510313010666e+01,1.069341756219e+00,2.368461571024e+00,-4.598397677519e-01,1
6.656500455976e-03,-1.492621189400e+01,1.037492790361e+00,2.431753286010e+00,-4.779023942375e-01,1
5.047348878825e-03,-1.474459355514e+01,1.013613116202e+00,2.492344592454e+00,-4.957936861559e-01,1
3.826968418912e-03,-1.455947532064e+01,9.957265508761e-01,2.550474633938e+00,-5.135180914355e-01,1
2.901684499803e-03,-1.437174781133e+01,9.823375772550e-01,2.606351951239e+00,-5.310797888630e-01,1
2.200210639711e-03,-1.418207256945e+01,9.723195334147e-01,2.660157122056e+00,-5.484821304188e-01,1
1.668413079809e-03,-1.399094170564e+01,9.648259653304e-01,2.712046238679e+00,-5.657274581358e-01,1
1.265231006033e-03,-1.379872186997e+01,9.592220010858e-01,2.762154431695e+00,-5.828171094863e-01,1
9.595376438792e-04,-1.360568664493e+01,9.550319510476e-01,2.810599096492e+00,-5.997515091885e-01,1
7.277427512897e-04,-1.341204043968e+01,9.518996216574e-01,2.857482704089e+00,-6.165302931144e-01,1
5.519689330916e-04,-1.321793615306e+01,9.495584040614e-01,2.902895184508e+00,-6.331524365852e-01,1
4.186676045142e-04,-1.302348826201e+01,9.478087958039e-01,2.946915917254e+00,-6.496163738785e-01,1
3.175698774395e-04,-1.282878254244e+01,9.465015380465e-01,2.989615380067e+00,-6.659201036309e-01,1
2.408917744137e-04,-1.263388330479e+01,9.455249786802e-01,3.031056509065e+00,-6.820612787981e-01,1
1.827322383606e-04,-1.243883878918e+01,9.447956081742e-01,3.071295819549e+00,-6.980372818876e-01,1
1.386171703335e-04,-1.224368519486e+01,9.442509741896e-01,3.110384330223e+00,-7.138452869921e-01,1
1.051540353653e-04,-1.204844969344e+01,9.438443782394e-01,3.148368326943e+00,-7.294823104619e-01,1
7.977018288227e-05,-1.185315268461e+01,9.435409067457e-01,3.185289995832e+00,-7.449452520130e-01,1
6.051455727055e-05,-1.165780948624e+01,9.433144610414e-01,3.221187950159e+00,-7.602309279203e-01,1
4.590741696240e-05,-1.146243160146e+01,9.431455350778e-01,3.256097670795e+00,-7.753360977399e-01,1
3.482642062748e-05,-1.126702766924e+01,9.430195527424e-01,3.290051876224e+00,-7.902574857713e-01,1
2.642026763744e-05,-1.107160417771e+01,9.429256239806e-01,3.323080835024e+00,-8.049917982797e-01,1
2.004321976947e-05,-1.087616599967e+01,9.428556143279e-01,3.355212631207e+00,-8.195357373160e-01,1
1.520545003744e-05,-1.068071679472e+01,9.428034489672e-01,3.386473390799e+00,-8.338860118120e-01,1
1.153538971878e-05,-1.048525931116e+01,9.427645922680e-01,3.416887476427e+00,-8.480393465091e-01,1
8.751171952213e-06,-1.028979561285e+01,9.427356586163e-01,3.446477655352e+00,-8.619924891558e-01,1
6.638973227852e-06,-1.009432724955e+01,9.427141214643e-01,3.475265245396e+00,-8.757422163340e-01,1
5.036585529459e-06,-9.898855384909e+00,9.426980958478e-01,3.503270242348e+00,-8.892853382000e-01,1
3.820955506836e-06,-9.703380892576e+00,9.426861758510e-01,3.530511431783e+00,-9.026187023623e-01,1
2.898732368838e-06,-9.507904428440e+00,9.426773131604e-01,3.557006487679e+00,-9.157391970772e-01,1
2.199097852730e-06,-9.312426484812e+00,9.426707263395e-01,3.582772059820e+00,-9.286437539086e-01,1
1.668327171902e-06,-9.116947431221e+00,9.426658330685e-01,3.607823851574e+00,-9.413293499542e-01,1
1.265662985842e-06,-8.921467545028e+00,9.426621995469e-01,3.632176689428e+00,-9.537930097362e-01,1
9.601853730970e-07,-8.725987034337e+00,9.426595027228e-01,3.655844585371e+00,-9.660318068289e-01,1
7.284373749142e-07,-8.530506055287e+00,9.426575021024e-01,3.678840793075e+00,-9.780428652664e-01,1
5.526236384553e-07,-8.335024725064e+00,9.426560187162e-01,3.701177858636e+00,-9.898233607798e-01,1
4.192439382433e-07,-8.139543131556e+00,9.426549194302e-01,3.722867666579e+00,-1.001370521907e+00,1
3.180564587037e-07,-7.944061340647e+00,9.426541052457e-01,3.743921481657e+00,-1.012681630987e+00,1
2.412913382558e-07,-7.748579401794e+00,9.426535025769e-01,3.764349986921e+00,-1.023754025066e+00,1
1.830540525137e-07,-7.553097352075e+00,9.426530567510e-01,3.784163318509e+00,-1.034585096731e+00,1
1.388727570523e-07,-7.357615219277e+00,9.426527271651e-01,3.803371097476e+00,-1.045172294890e+00,1
1.053549343267e-07,-7.162133024230e+00,9.426524836792e-01,3.821982458979e+00,-1.055513125499e+00,1
7.992689339856e-08,-6.966650782559e+00,9.426523039312e-01,3.840006079095e+00,-1.065605152245e+00,1
6.063607910148e-08,-6.771168505968e+00,9.426521713375e-01,3.857450199491e+00,-1.075445997198e+00,1
4.600124458860e-08,-6.575686203235e+00,9.426520736072e-01,3.874322650168e+00,-1.085033341430e+00,1
3.489863782982e-08,-6.380203880917e+00,9.426520016351e-01,3.890630870435e+00,-1.094364925610e+00,1
2.647571213695e-08,-6.184721543950e+00,9.426519486804e-01,3.906381928296e+00,-1.103438550569e+00,1
2.008573024333e-08,-5.989239196022e+00,9.426519097559e-01,3.921582538376e+00,-1.112252077846e+00,1
1.523801040311e-08,-5.793756839885e+00,9.426518811737e-01,3.936239078518e+00,-1.120803430219e+00,1
1.156032232777e-08,-5.598274477594e+00,9.426518602089e-01,3.950357605154e+00,-1.129090592204e+00,1
8.770266491692e-09,-5.402792110710e+00,9.426518448495e-01,3.963943867561e+00,-1.137111610548e+00,1
6.653605442107e-09,-5.207309740398e+00,9.426518336109e-01,3.977003321087e+00,-1.144864594694e+00,1
5.047827178882e-09,-5.011827367524e+00,9.426518253988e-01,3.989541139422e+00,-1.152347717243e+00,1
3.829608187875e-09,-4.816344992723e+00,9.426518194068e-01,4.001562225999e+00,-1.159559214384e+00,1
2.905417790132e-09,-4.620862616501e+00,9.426518150416e-01,4.013071224569e+00,-1.166497386313e+00,1
2.204278406521e-09,-4.425380239179e+00,9.426518118671e-01,4.024072529037e+00,-1.173160597647e+00,1
1.672373147283e-09,-4.229897861057e+00,9.426518095627e-01,4.034570292580e+00,-1.179547277800e+00,1
1.268838451010e-09,-4.034415482343e+00,9.426518078933e-01,4.044568436127e+00,-1.185655921363e+00,1
9.627019585465e-10,-3.838933103196e+00,9.426518066867e-01,4.054070656223e+00,-1.191485088458e+00,1
7.304466439472e-10,-3.643450723702e+00,9.426518058166e-01,4.063080432324e+00,-1.197033405082e+00,1
5.542470643710e-10,-3.447968343959e+00,9.426518051910e-01,4.071601033553e+00,-1.202299563426e+00,1
4.205688443095e-10,-3.252485964050e+00,9.426518047425e-01,4.079635524964e+00,-1.207282322188e+00,1
3.191500855255e-10,-3.057003583977e+00,9.426518044220e-01,4.087186773327e+00,-1.211980506867e+00,1
2.422015515037e-10,-2.861521203827e+00,9.426518041938e-01,4.094257452464e+00,-1.216393010036e+00,1
1.838153068152e-10,-2.666038823593e+00,9.426518040321e-01,4.100850048179e+00,-1.220518791610e+00,1
1.395071965120e-10,-2.470556443302e+00,9.426518039180e-01,4.106966862772e+00,-1.224356879083e+00,1
1.058791672160e-10,-2.275074062948e+00,9.426518038380e-01,4.112610019183e+00,-1.227906367766e+00,1
8.033921809257e-11,-2.079591682575e+00,9.426518037822e-01,4.117781464773e+00,-1.231166420992e+00,1
6.093185894655e-11,-1.884109302180e+00,9.426518037435e-01,4.122482974756e+00,-1.234136270323e+00,1
4.617781558691e-11,-1.688626921779e+00,9.426518037170e-01,4.126716155310e+00,-1.236815215722e+00,1
3.493016808057e-11,-1.493144541366e+00,9.426518036990e-01,4.130482446357e+00,-1.239202625723e+00,1
2.632250816241e-11,-1.297662160930e+00,9.426518036868e-01,4.133783124051e+00,-1.241297937580e+00,1
1.969968938004e-11,-1.102179780494e+00,9.426518036788e-01,4.136619302954e+00,-1.243100657397e+00,1
1.455380500373e-11,-9.066974000518e-01,9.426518036735e-01,4.138991937938e+00,-1.244610360248e+00,1
1.049739983330e-11,-7.112150195996e-01,9.426518036701e-01,4.140901825802e+00,-1.245826690275e+00,1
7.210724370482e-12,-5.157326391446e-01,9.426518036680e-01,4.142349606615e+00,-1.246749360769e+00,1
4.431785677659e-12,-3.202502586815e-01,9.426518036667e-01,4.143335764791e+00,-1.247378154245e+00,1
1.967757641724e-12,-1.247678782367e-01,9.426518036661e-01,4.143860629901e+00,-1.247712922487e+00,1
-3.812421225472e-13,7.071450222180e-02,9.426518036659e-01,4.143924377227e+00,-1.247753586585e+00,1
-2.798193368555e-12,2.661968826866e-01,9.426518036663e-01,4.143527028051e+00,-1.247500136954e+00,1
-5.472572512703e-12,4.616792631367e-01,9.426518036671e-01,4.142668449694e+00,-1.246952633336e+00,1
-8.595744861143e-12,6.571616435921e-01,9.426518036688e-01,4.141348355290e+00,-1.246111204785e+00,1
-1.241530590896e-11,8.526440240518e-01,9.426518036716e-01,4.139566303311e+00,-1.244976049639e+00,1
-1.722578166830e-11,1.048126404501e+00,9.426518036761e-01,4.137321696826e+00,-1.243547435469e+00,1
-2.338161857350e-11,1.243608784940e+00,9.426518036831e-01,4.134613782498e+00,-1.241825699020e+00,1
-3.138171995064e-11,1.439091165371e+00,9.426518036938e-01,4.131441649312e+00,-1.239811246132e+00,1
-4.182168094482e-11,1.634573545801e+00,9.426518037098e-01,4.127804227040e+00,-1.237504551638e+00,1
-5.551345563785e-11,1.830055926205e+00,9.426518037335e-01,4.123700284418e+00,-1.234906159261e+00,1
-7.350541274752e-11,2.025538306607e+00,9.426518037681e-01,4.119128427042e+00,-1.232016681478e+00,1
-9.716897674406e-11,2.221020686980e+00,9.426518038184e-01,4.114087094973e+00,-1.228836799380e+00,1
-1.283337285772e-10,2.416503067337e+00,9.426518038907e-01,4.108574560032e+00,-1.225367262511e+00,1
-1.693883831503e-10,2.611985447654e+00,9.426518039940e-01,4.102588922790e+00,-1.221608888689e+00,1
-2.234879499702e-10,2.807467827918e+00,9.426518041408e-01,4.096128109219e+00,-1.217562563816e+00,1
-2.947778042421e-10,3.002950208098e+00,9.426518043481e-01,4.089189867013e+00,-1.213229241667e+00,1
-3.887411234576e-10,3.198432588203e+00,9.426518046398e-01,4.081771761546e+00,-1.208609943664e+00,1
-5.125928977689e-10,3.393914968167e+00,9.426518050485e-01,4.073871171460e+00,-1.203705758640e+00,1
-6.758281045523e-10,3.589397347953e+00,9.426518056191e-01,4.065485283853e+00,-1.198517842577e+00,1
-8.910087562534e-10,3.784879727516e+00,9.426518064134e-01,4.056611089058e+00,-1.193047418332e+00,1
-1.174633165206e-09,3.980362106778e+00,9.426518075158e-01,4.047245374985e+00,-1.187295775355e+00,1
-1.548498311876e-09,4.175844485628e+00,9.426518090420e-01,4.037384720993e+00,-1.181264269378e+00,1
-2.041289515917e-09,4.371326863906e+00,9.426518111501e-01,4.027025491272e+00,-1.174954322097e+00,1
-2.690871132090e-09,4.566809241451e+00,9.426518140560e-01,4.016163827700e+00,-1.168367420836e+00,1
-3.547100979542e-09,4.762291618014e+00,9.426518180537e-01,4.004795642136e+00,-1.161505118193e+00,1
-4.675740027514e-09,4.957773993258e+00,9.426518235439e-01,3.992916608127e+00,-1.154369031674e+00,1
-6.163443243874e-09,5.153256366730e+00,9.426518310716e-01,3.980522151959e+00,-1.146960843310e+00,1
-8.124445988780e-09,5.348738737824e+00,9.426518413775e-01,3.967607443032e+00,-1.139282299253e+00,1
-1.070932740850e-08,5.544221105754e+00,9.426518554675e-01,3.954167383487e+00,-1.131335209364e+00,1
-1.411657533948e-08,5.739703469430e+00,9.426518747063e-01,3.940196597050e+00,-1.123121446780e+00,1
-1.860781916762e-08,5.935185827457e+00,9.426519009438e-01,3.925689416997e+00,-1.114642947462e+00,1
-2.452791739102e-08,6.130668177885e+00,9.426519366858e-01,3.910639873210e+00,-1.105901709737e+00,1
-3.233144972703e-08,6.326150518192e+00,9.426519853244e-01,3.895041678209e+00,-1.096899793805e+00,1
-4.261762460379e-08,6.521632844967e+00,9.426520514478e-01,3.878888212100e+00,-1.087639321245e+00,1
-5.617628273852e-08,6.717115153663e+00,9.426521412585e-01,3.862172506328e+00,-1.078122474494e+00,1
-7.404853615138e-08,6.912597438219e+00,9.426522631356e-01,3.844887226127e+00,-1.068351496303e+00,1
-9.760672586388e-08,7.108079690520e+00,9.426524283922e-01,3.827024651559e+00,-1.058328689179e+00,1
-1.286597970049e-07,7.303561899762e+00,9.426526522946e-01,3.808576656981e+00,-1.048056414798e+00,1
-1.695921853932e-07,7.499044051515e+00,9.426529554314e-01,3.789534688821e+00,-1.037537093393e+00,1
-2.235469676813e-07,7.694526126543e+00,9.426533655567e-01,3.769889741450e+00,-1.026773203113e+00,1
-2.946671233339e-07,7.890008099168e+00,9.426539200635e-01,3.749632330986e+00,-1.015767279347e+00,1
-3.884137225853e-07,8.085489935145e+00,9.426546693090e-01,3.728752466786e+00,-1.004521914009e+00,1
-5.119852533436e-07,8.280971588805e+00,9.426556810786e-01,3.707239620375e+00,-9.930397547780e-01,1
-6.748703897094e-07,8.476452999254e+00,9.426570465782e-01,3.685082691513e+00,-9.813235042763e-01,1
-8.895766067606e-07,8.671934085307e+00,9.426588884757e-01,3.662269971069e+00,-9.693759191868e-01,1
-1.172590630340e-06,8.867414738716e+00,9.426613716883e-01,3.638789100296e+00,-9.571998092838e-01,1
-1.545644461527e-06,9.062894815212e+00,9.426647178501e-01,3.614627026045e+00,-9.447980363591e-01,1
-2.037384226316e-06,9.258374122521e+00,9.426692247082e-01,3.589769951396e+00,-9.321735130231e-01,1
-2.685570030988e-06,9.453852404423e+00,9.426752921209e-01,3.564203281050e+00,-9.193292013458e-01,1
-3.539975762826e-06,9.649329319465e+00,9.426834568946e-01,3.537911560754e+00,-9.062681113002e-01,1
-4.666211676590e-06,9.844804412754e+00,9.426944394527e-01,3.510878409851e+00,-8.929932989486e-01,1
-6.150763341956e-06,1.004027707827e+01,9.427092063399e-01,3.483086445899e+00,-8.795078643168e-01,1
-8.107634308990e-06,1.023574650875e+01,9.427290539154e-01,3.454517200081e+00,-8.658149488659e-01,1
-1.068710284504e-05,1.043121162898e+01,9.427557203923e-01,3.425151021880e+00,-8.519177324586e-01,1
-1.408726600144e-05,1.062667100690e+01,9.427915357920e-01,3.394966971129e+00,-8.378194296905e-01,1
-1.856925869338e-05,1.082212273541e+01,9.428396226043e-01,3.363942695192e+00,-8.235232854071e-01,1
-2.447731830707e-05,1.101756427486e+01,9.429041642446e-01,3.332054288497e+00,-8.090325692084e-01,1
-3.226523921872e-05,1.121299224358e+01,9.429907641566e-01,3.299276131016e+00,-7.943505686617e-01,1
-4.253125355652e-05,1.140840213873e+01,9.431069260801e-01,3.265580701544e+00,-7.794805809006e-01,1
-5.606402598687e-05,1.160378796478e+01,9.432626962763e-01,3.230938360606e+00,-7.644259021879e-01,1
-7.390330827790e-05,1.179914173872e+01,9.434715222040e-01,3.195317096615e+00,-7.491898149142e-01,1
-9.741993441852e-05,1.199445283106e+01,9.437514004601e-01,3.158682227397e+00,-7.337755714028e-01,1
-1.284213354349e-04,1.218970708763e+01,9.441264112634e-01,3.120996047326e+00,-7.181863737323e-01,1
-1.692907340134e-04,1.238488565918e+01,9.446287694471e-01,3.082217407857e+00,-7.024253485970e-01,1
-2.231707974302e-04,1.257996344048e+01,9.453015655800e-01,3.042301216454e+00,-6.864955160683e-01,1
-2.942059892383e-04,1.277490698750e+01,9.462024291311e-01,3.001197835192e+00,-6.703997508604e-01,1
-3.878624361602e-04,1.296967173586e+01,9.474084233585e-01,2.958852356049e+00,-6.541407345274e-01,1
-5.113501722020e-04,1.316419828231e+01,9.490225852617e-01,2.915203724644e+00,-6.377208968241e-01,1
-6.741805964809e-04,1.335840740776e+01,9.511826617614e-01,2.870183678153e+00,-6.211423443885e-01,1
-8.889024700043e-04,1.355219340581e+01,9.540727759042e-01,2.823715456516e+00,-6.044067750998e-01,1
-1.172073499001e-03,1.374541512428e+01,9.579389973850e-01,2.775712239510e+00,-5.875153771179e-01,1
-1.545542336048e-03,1.393788391091e+01,9.631101051400e-01,2.726075257261e+00,-5.704687132244e-01,1
-2.038138487000e-03,1.412934735643e+01,9.700252310685e-01,2.674691521816e+00,-5.532665944662e-01,1
-2.687895604325e-03,1.431946731707e+01,9.792705718068e-01,2.621431138771e+00,-5.359079536337e-01,1
-3.544966216365e-03,1.450779013640e+01,9.916279369805e-01,2.566144194129e+00,-5.183907414589e-01,1
-4.675419129733e-03,1.469370623352e+01,1.008138497919e+00,2.508657297560e+00,-5.007118909984e-01,1
-6.166132881794e-03,1.487639526043e+01,1.030185504827e+00,2.448770047802e+00,-4.828674364751e-01,1
-8.130980644875e-03,1.505475192490e+01,1.059599441340e+00,2.386252058468e+00,-4.648529447935e-01,1
-1.071837719102e-02,1.522728664964e+01,1.098786913149e+00,2.320841904556e+00,-4.466645417364e-01,1
-1.411988376347e-02,1.539199549487e+01,1.150878020427e+00,2.252250686338e+00,-4.283010170723e-01,1
-1.857865881018e-02,1.554619778692e+01,1.219871118000e+00,2.180175221041e+00,-4.097677918324e-01,1
-2.439461759159e-02,1.568635346875e+01,1.310720362465e+00,2.104329400088e+00,-3.910838757542e-01,1
-3.191965211571e-02,1.580790606268e+01,1.429250586410e+00,2.024506167798e+00,-3.722930384334e-01,1
-4.153137793755e-02,1.590526385044e+01,1.581700018855e+00,1.940682500140e+00,-3.534793779380e-01,1
-5.357126086119e-02,1.597212204455e+01,1.773648150958e+00,1.853164085553e+00,-3.347836154846e-01,1
-6.824318395093e-02,1.600234961658e+01,2.008266468843e+00,1.762720242278e+00,-3.164089179246e-01,1
-8.550268704978e-02,1.599141307157e+01,2.284423711123e+00,1.670597932676e+00,-2.985995363478e-01,1
-1.050063732685e-01,1.593774144115e+01,2.595851905946e+00,1.578315776672e+00,-2.815869064556e-01,1
-1.261739497793e-01,1.584313404032e+01,2.932272490809e+00,1.487299626486e+00,-2.655281155948e-01,1
-1.483296883593e-01,1.571193726905e+01,3.281890967325e+00,1.398579448178e+00,-2.504754960245e-01,1
-1.708352520956e-01,1.554965627156e+01,3.633723026868e+00,1.312699574811e+00,-2.363888743716e-01,1
-1.931608420601e-01,1.536180852261e+01,3.978830459858e+00,1.229803347252e+00,-2.231696891317e-01,1
-2.148998611517e-01,1.515331483374e+01,4.310561376529e+00,1.149773999795e+00,-2.106933328571e-01,1
-2.357542639945e-01,1.492831613726e+01,4.624272952855e+00,1.072354780262e+00,-1.988300826106e-01,1
-2.555115548589e-01,1.469021528825e+01,4.916906480806e+00,9.972276293258e-01,-1.874553460422e-01,1
-2.740233050927e-01,1.444180318645e+01,5.186589799362e+00,9.240568750915e-01,-1.764529240433e-01,1
-2.911881294475e-01,1.418539950100e+01,5.432319808904e+00,8.525098169957e-01,-1.657143989129e-01,1
-3.069391103134e-01,1.392298221566e+01,5.653725265437e+00,7.822635815525e-01,-1.551364711803e-01,1
-3.212347896471e-01,1.365630161155e+01,5.850894319576e+00,7.130040252262e-01,-1.446170345975e-01,1
-3.340527958694e-01,1.338698379549e+01,6.024250092860e+00,6.444196315022e-01,-1.340500526388e-01,1
-3.453853591213e-01,1.311663397659e+01,6.174460724198e+00,5.761913278184e-01,-1.233186847565e-01,1
-3.552361815721e-01,1.284695527788e+01,6.302373968007e+00,5.079774388678e-01,-1.122853207569e-01,1
-3.636183137543e-01,1.257990991061e+01,6.408969509137e+00,4.393908283919e-01,-1.007757304711e-01,1
-3.705528471032e-01,1.231797589369e+01,6.495324626791e+00,3.699611277305e-01,-8.855128893322e-02,1
-3.760684029781e-01,1.206462272805e+01,6.562591066965e+00,2.990643732600e-01,-7.525494432894e-02,1
-3.802016580350e-01,1.182534741080e+01,6.611983725897e+00,2.257683320870e-01,-6.029237396727e-02,1
-3.829995020202e-01,1.161047082898e+01,6.644784493433e+00,1.483970856507e-01,-4.252754945199e-02,1
-3.845187292588e-01,1.144576254914e+01,6.662306189550e+00,6.279314989356e-02,-1.938763694551e-02,1
-3.846885652201e-01,1.142208030497e+01,6.664248106136e+00,4.107369119879e-02,1.284927322588e-02,1
-3.848115764927e-01,1.140366313271e+01,6.665652030364e+00,5.783668820273e-11,1.828956387456e-11,1
