mu,N,Omega,amplitude,n_minus
3.771810618433e-01,-1.018479253524e+01,6.584508159999e+00,9.853142518596e-12,3
3.765645726546e-01,-1.019062987994e+01,6.578227543908e+00,9.445207678153e-02,3
3.763423220200e-01,-1.019272348192e+01,6.575962437193e+00,1.101674065257e-01,3
3.760306615756e-01,-1.019564973236e+01,6.572785312173e+00,1.290182686570e-01,3
3.755920270482e-01,-1.019974930818e+01,6.568312248260e+00,1.516267893560e-01,3
3.749727805255e-01,-1.020549967771e+01,6.561994306281e+00,1.787362771829e-01,3
3.740963267760e-01,-1.021356479171e+01,6.553046117203e+00,2.112334827640e-01,3
3.728533315897e-01,-1.022485700265e+01,6.540343669683e+00,2.501743171759e-01,3
3.710878762239e-01,-1.024060794296e+01,6.522278188143e+00,2.968135202430e-01,3
3.685779574473e-01,-1.026243673327e+01,6.496547563426e+00,3.526392722651e-01,3
3.650081975729e-01,-1.029238757695e+01,6.459859295464e+00,4.194150665115e-01,3
3.599319732317e-01,-1.033287969817e+01,6.407509040856e+00,4.992340461884e-01,3
3.529611621205e-01,-1.038473996607e+01,6.335297306749e+00,5.916473785640e-01,3
3.448675834363e-01,-1.043993624611e+01,6.251020739326e+00,6.836826871289e-01,3
3.356799434496e-01,-1.049658803696e+01,6.154837419179e+00,7.754368078704e-01,3
3.254309262761e-01,-1.055283304008e+01,6.046963449643e+00,8.670202214740e-01,3
3.141589171298e-01,-1.060682653944e+01,5.927700023806e+00,9.585467750088e-01,3
3.019100351161e-01,-1.065672814363e+01,5.797463561656e+00,1.050125355325e+00,3
2.887404025663e-01,-1.070068259969e+01,5.656818121542e+00,1.141852770002e+00,3
2.747186105321e-01,-1.073679984052e+01,5.506509430647e+00,1.233806968192e+00,3
2.599283335180e-01,-1.076313865408e+01,5.347499549527e+00,1.326039795400e+00,3
2.444709937323e-01,-1.077769841432e+01,5.181000301174e+00,1.418568641415e+00,3
2.284682678256e-01,-1.077842401322e+01,5.008502072098e+00,1.511366612851e+00,3
2.120640606564e-01,-1.076323009655e+01,4.831792409330e+00,1.604351304707e+00,3
1.954253482732e-01,-1.073005122267e+01,4.652956201135e+00,1.697372946108e+00,3
1.787410602380e-01,-1.067692347665e+01,4.474346862167e+00,1.790203697180e+00,3
1.622180393653e-01,-1.060209886479e+01,4.298517372593e+00,1.882531055958e+00,3
1.460732694917e-01,-1.050418529929e+01,4.128103534332e+00,1.973959262478e+00,3
1.305221983314e-01,-1.038229279691e+01,3.965661480073e+00,2.064022473501e+00,3
1.157641471640e-01,-1.023615479058e+01,3.813476938189e+00,2.152211495601e+00,3
1.019671683365e-01,-1.006618958170e+01,3.673379900129e+00,2.238011907219e+00,3
8.925557617353e-02,-9.873477372039e+00,3.546605939286e+00,2.320946846569e+00,3
7.770304407533e-02,-9.659651929477e+00,3.433736961161e+00,2.400615109991e+00,3
6.733257364977e-02,-9.426732009486e+00,3.334731129964e+00,2.476716382128e+00,3
5.812257579201e-02,-9.176932610937e+00,3.249025501003e+00,2.549059918830e+00,3
5.001680859057e-02,-8.912493969669e+00,3.175678483371e+00,2.617558244309e+00,3
4.293554193027e-02,-8.635551735237e+00,3.113517898453e+00,2.682210836581e+00,3
3.678587552655e-02,-8.348054861242e+00,3.061270040303e+00,2.743083496611e+00,3
3.147006529945e-02,-8.051725609442e+00,3.017658032009e+00,2.800287890889e+00,3
2.689153827652e-02,-7.748050653976e+00,2.981468163411e+00,2.853963894192e+00,3
2.295879723421e-02,-7.438291930277e+00,2.951588832694e+00,2.904265738549e+00,3
1.958764507137e-02,-7.123508060924e+00,2.927028836092e+00,2.951351927867e+00,3
1.670219361369e-02,-6.804580000293e+00,2.906921550180e+00,2.995378363703e+00,3
1.423505967847e-02,-6.482236991532e+00,2.890520332925e+00,3.036493973376e+00,3
1.212705849359e-02,-6.157080722430e+00,2.877189040597e+00,3.074838169043e+00,3
1.032661515128e-02,-5.829606733054e+00,2.866390298994e+00,3.110539582105e+00,3
8.789041993973e-03,-5.500222820751e+00,2.857673199109e+00,3.143715647368e+00,3
7.475775830192e-03,-5.169264558569e+00,2.850661401246e+00,3.174472727600e+00,3
6.353631202056e-03,-4.837008218284e+00,2.845042173561e+00,3.202906561669e+00,3
5.394100779021e-03,-4.503681448330e+00,2.840556599935e+00,3.229102889085e+00,3
4.572717810128e-03,-4.169472056250e+00,2.836991016144e+00,3.253138153695e+00,3
3.868485589794e-03,-3.834535215841e+00,2.834169633347e+00,3.275080224180e+00,3
3.263372996600e-03,-3.498999377947e+00,2.831948256127e+00,3.294989092821e+00,3
2.741871900184e-03,-3.162971122092e+00,2.830208980277e+00,3.312917529904e+00,3
2.290610609949e-03,-2.826539146272e+00,2.828855750940e+00,3.328911681556e+00,3
1.898016918542e-03,-2.489777558408e+00,2.827810666922e+00,3.343011605439e+00,3
1.554024250055e-03,-2.152748603605e+00,2.827010927227e+00,3.355251742868e+00,3
1.249814695424e-03,-1.815504937443e+00,2.826406328279e+00,3.365661328294e+00,3
9.775931387310e-04,-1.478091536020e+00,2.825957233264e+00,3.374264738437e+00,3
7.303871479314e-04,-1.140547317959e+00,2.825632947572e+00,3.381081783844e+00,3
5.018677615399e-04,-8.029065411829e-01,2.825410446171e+00,3.386127945803e+00,3
2.861867149165e-04,-4.652000276442e-01,2.825273409652e+00,3.389414561277e+00,3
7.782599706770e-05,-1.274562620684e-01,2.825211535683e+00,3.390948958139e+00,3
-1.285440986539e-04,2.102975946608e-01,2.825220101898e+00,3.390734542483e+00,3
-3.382020730297e-04,5.480347402668e-01,2.825299764856e+00,3.388770839167e+00,3
-5.565109993922e-04,8.857277789482e-01,2.825456588022e+00,3.385053486178e+00,3
-7.890564817199e-04,1.223347747602e+00,2.825702299726e+00,3.379574182701e+00,3
-1.041790343159e-03,1.560863084993e+00,2.826054790200e+00,3.372320590224e+00,3
-1.321183727997e-03,1.898238506017e+00,2.826538865095e+00,3.363276185316e+00,3
-1.634393513067e-03,2.235433739114e+00,2.827187281685e+00,3.352420062212e+00,3
-1.989446216121e-03,2.572402079434e+00,2.828042103381e+00,3.339726682797e+00,3
-2.395443952686e-03,2.909088702236e+00,2.829156418415e+00,3.325165571247e+00,3
-2.862797418481e-03,3.245428671021e+00,2.830596479668e+00,3.308700950408e+00,3
-3.403491339194e-03,3.581344561742e+00,2.832444334685e+00,3.290291317203e+00,3
-4.031388293827e-03,3.916743607955e+00,2.834801027600e+00,3.269888955049e+00,3
-4.762577213248e-03,4.251514251135e+00,2.837790467635e+00,3.247439382792e+00,3
-5.615773069140e-03,4.585521955477e+00,2.841564070909e+00,3.222880742451e+00,3
-6.612774111964e-03,4.918604115774e+00,2.846306291575e+00,3.196143132705e+00,3
-7.778982195752e-03,5.250563851745e+00,2.852241161687e+00,3.167147902474e+00,3
-9.143989772831e-03,5.581162441634e+00,2.859639951127e+00,3.135806930584e+00,3
-1.074223333685e-02,5.910110105684e+00,2.868830030896e+00,3.102021935039e+00,3
-1.261370635117e-02,6.237054810796e+00,2.880204961549e+00,3.065683881642e+00,3
-1.480471343008e-02,6.561568743314e+00,2.894235712814e+00,3.026672599907e+00,3
-1.736862948426e-02,6.883132107443e+00,2.911482720473e+00,2.984856768458e+00,3
-2.036659968232e-02,7.201113988935e+00,2.932608159855e+00,2.940094507039e+00,3
-2.386807475486e-02,7.514750237454e+00,2.958387307295e+00,2.892234910696e+00,3
-2.795101773975e-02,7.823118758829e+00,2.989717110222e+00,2.841120982371e+00,3
-3.270154099087e-02,8.125113401409e+00,3.027619045443e+00,2.786594550104e+00,3
-3.821264032688e-02,8.419418927911e+00,3.073232027737e+00,2.728503858697e+00,3
-4.458160396934e-02,8.704491520934e+00,3.127789706532e+00,2.666714528624e+00,3
-5.190562836309e-02,8.978551850542e+00,3.192575427221e+00,2.601124350110e+00,3
-6.027524510728e-02,9.239600503421e+00,3.268848364199e+00,2.531681752347e+00,3
-6.976545506325e-02,9.485467344482e+00,3.357737251551e+00,2.458406599547e+00,3
-8.042506450697e-02,9.713905038093e+00,3.460105156034e+00,2.381410241509e+00,3
-9.226559629610e-02,9.922729991922e+00,3.576400037757e+00,2.300909942222e+00,3
-1.052520394101e-01,1.011000036894e+01,3.706518605162e+00,2.217231949245e+00,3
-1.192980795110e-01,1.027420368263e+01,3.849718652080e+00,2.130798799614e+00,3
-1.342678028209e-01,1.041441414846e+01,4.004610179551e+00,2.042100450507e+00,3
-1.499841537863e-01,1.053038178937e+01,4.169235957108e+00,1.951654162732e+00,3
-1.662423716927e-01,1.062253384965e+01,4.341225359626e+00,1.859961972702e+00,3
-1.828252977240e-01,1.069189587775e+01,4.517984979249e+00,1.767474811258e+00,3
-1.995174378006e-01,1.073996099677e+01,4.696885208341e+00,1.674568997281e+00,3
-2.161157330125e-01,1.076854260574e+01,4.875412606899e+00,1.581536194005e+00,3
-2.324363691089e-01,1.077963924032e+01,5.051274670367e+00,1.488584349672e+00,3
-2.483180090033e-01,1.077532785158e+01,5.222457980334e+00,1.395845657023e+00,3
-2.636223369546e-01,1.075769020439e+01,5.387248789536e+00,1.303387794582e+00,3
-2.782328647013e-01,1.072876965615e+01,5.544227363633e+00,1.211225771532e+00,3
-2.920527772636e-01,1.069055227116e+01,5.692246184147e+00,1.119332868046e+00,3
-3.050023582831e-01,1.064496566825e+01,5.830399565734e+00,1.027650096501e+00,3
-3.170163230889e-01,1.059388972008e+01,5.957989669495e+00,9.360942400477e-01,3
-3.280412343642e-01,1.053917417503e+01,6.074491865135e+00,8.445649174904e-01,3
-3.380330822297e-01,1.048265884209e+01,6.179521035473e+00,7.529513640826e-01,3
-3.469550698550e-01,1.042619183907e+01,6.272799676860e+00,6.611397585500e-01,3
-3.547756493412e-01,1.037164042655e+01,6.354128441741e+00,5.690219527558e-01,3
-3.614668931495e-01,1.032088726978e+01,6.423360007339e+00,4.765062675067e-01,3
-3.670033498397e-01,1.027580324886e+01,6.480377696352e+00,3.835304100230e-01,3
-3.713615855193e-01,1.023818776146e+01,6.525080806696e+00,2.900753362220e-01,3
-3.745205902193e-01,1.020967144535e+01,6.557378534175e+00,1.961770510354e-01,3
-3.764630550403e-01,1.019158688468e+01,6.577192966888e+00,1.019315900743e-01,3
-3.771771873696e-01,1.018482936009e+01,6.584468699217e+00,7.488276462569e-03,3
-3.771810618430e-01,1.018479253524e+01,6.584508159996e+00,3.436895454999e-10,3
