ix,iy,x,y,rho,eigvec
0,0,-6.4,-6.4,0.0294967504674162,-1.64171384478529e-07
0,1,-6.4,-6,0.0294967504674162,3.40620861255024e-08
0,2,-6.4,-5.6,0.0294967504674162,-3.57605954977359e-08
0,3,-6.4,-5.2,0.0294967504674162,-5.61723566779053e-08
0,4,-6.4,-4.8,0.0294967504674162,-2.86845589934597e-08
0,5,-6.4,-4.4,0.0294967504674162,-6.4061539988906e-09
0,6,-6.4,-4,0.0294967504674162,9.63805066555762e-08
0,7,-6.4,-3.6,0.0294967504674162,-9.29437291416196e-08
0,8,-6.4,-3.2,0.0294967504674162,-6.94491673575626e-08
0,9,-6.4,-2.8,0.0294967504674162,-1.67681508678204e-07
0,10,-6.4,-2.4,0.0294967504674162,-1.62516691024757e-07
0,11,-6.4,-2,0.0294967504674162,-1.67946012833048e-07
0,12,-6.4,-1.6,0.0294967504674162,-1.46101229639343e-07
0,13,-6.4,-1.2,0.0294967504674162,-3.21087919727576e-07
0,14,-6.4,-0.8,0.0294967504674162,2.69876106341466e-07
0,15,-6.4,-0.4,0.0294967504674162,-5.81932113123756e-07
0,16,-6.4,0,0.0294967504674162,1.77749289108047e-08
0,17,-6.4,0.4,0.0294967504674162,-2.88214563895331e-08
0,18,-6.4,0.8,0.0294967504674162,-5.40847271603308e-08
0,19,-6.4,1.2,0.0294967504674162,6.37493178577581e-08
0,20,-6.4,1.6,0.0294967504674162,-3.78684084125308e-07
0,21,-6.4,2,0.0294967504674162,-2.177624453512e-07
0,22,-6.4,2.4,0.0294967504674162,1.70877503488953e-07
0,23,-6.4,2.8,0.0294967504674162,2.99708766535919e-07
0,24,-6.4,3.2,0.0294967504674162,-4.21292079314052e-07
0,25,-6.4,3.6,0.0294967504674162,-1.41937562294172e-07
0,26,-6.4,4,0.0294967504674162,1.57276599206672e-08
0,27,-6.4,4.4,0.0294967504674162,-2.63239846193441e-07
0,28,-6.4,4.8,0.0294967504674162,-1.15114675090801e-07
0,29,-6.4,5.2,0.0294967504674162,-1.84860437470094e-07
0,30,-6.4,5.6,0.0294967504674162,3.25317244878451e-08
0,31,-6.4,6,0.0294967504674162,-2.20768882546283e-07
1,0,-6,-6.4,0.0294967504674162,1.60490233141673e-07
1,1,-6,-6,0.0294464114355849,-8.92956412214067e-07
1,2,-6,-5.6,0.0294482517678415,-1.48519109660998e-06
1,3,-6,-5.2,0.0294516252442918,-2.18362291731656e-06
1,4,-6,-4.8,0.0294583256614704,-3.23154515163556e-06
1,5,-6,-4.4,0.0294698347569213,-4.97184985047781e-06
1,6,-6,-4,0.0294869123622414,-7.35728843699062e-06
1,7,-6,-3.6,0.0295107346582684,-1.07116404994511e-05
1,8,-6,-3.2,0.0295423784311034,-1.51494162492113e-05
1,9,-6,-2.8,0.0295824173598472,-2.08169402289029e-05
1,10,-6,-2.4,0.0296304189735009,-2.78521962945537e-05
1,11,-6,-2,0.0296844869763514,-3.5899459355321e-05
1,12,-6,-1.6,0.0297409727567472,-4.42703490037537e-05
1,13,-6,-1.2,0.0297946152271667,-5.22767462851515e-05
1,14,-6,-0.8,0.0298392544035887,-5.90079660335049e-05
1,15,-6,-0.4,0.0298689256129396,-6.34085215395089e-05
1,16,-6,0,0.029879337260142,-6.4912682133011e-05
1,17,-6,0.4,0.029868919038334,-6.33927288983418e-05
1,18,-6,0.8,0.0298392423454183,-5.89843163107498e-05
1,19,-6,1.2,0.0297945988760004,-5.23401421425053e-05
1,20,-6,1.6,0.029740954921767,-4.43810868454403e-05
1,21,-6,2,0.0296844693715609,-3.60068826011655e-05
1,22,-6,2.4,0.0296304072239355,-2.79876790429581e-05
1,23,-6,2.8,0.0295824163441753,-2.08206786161955e-05
1,24,-6,3.2,0.029542407250403,-1.49816227405456e-05
1,25,-6,3.6,0.0295108298253205,-1.03579423244105e-05
1,26,-6,4,0.0294871522554718,-7.2351829032247e-06
1,27,-6,4.4,0.0294703657604735,-4.76571937760007e-06
1,28,-6,4.8,0.0294596120552794,-3.22035793707126e-06
1,29,-6,5.2,0.0294532146192177,-1.83104301182789e-06
1,30,-6,5.6,0.0294490984169147,-1.04197592877846e-06
1,31,-6,6,0.0294967504674162,-4.48059831520663e-08
2,0,-5.6,-6.4,0.0294967504674162,7.25487463286921e-08
2,1,-5.6,-6,0.0294482517678415,-1.512029343184e-06
2,2,-5.6,-5.6,0.0294520707491801,-2.17705386600349e-06
2,3,-5.6,-5.2,0.029458317867725,-3.28189271792327e-06
2,4,-5.6,-4.8,0.0294696839910224,-5.12498249695731e-06
2,5,-5.6,-4.4,0.0294887797325235,-7.83340372969939e-06
2,6,-5.6,-4,0.0295173746522647,-1.18773282504928e-05
2,7,-5.6,-3.6,0.0295579919240327,-1.77220255790856e-05
2,8,-5.6,-3.2,0.0296131128984693,-2.57595300709285e-05
2,9,-5.6,-2.8,0.0296844366802877,-3.6114517641354e-05
2,10,-5.6,-2.4,0.0297718494148685,-4.9123767756874e-05
2,11,-5.6,-2,0.0298723588607248,-6.42886142927978e-05
2,12,-5.6,-1.6,0.0299793230668264,-8.04327628013948e-05
2,13,-5.6,-1.2,0.0300825363917596,-9.59780553525788e-05
2,14,-5.6,-0.8,0.0301694564495456,-0.000109482762516656
2,15,-5.6,-0.4,0.0302277746635803,-0.000118343325393415
2,16,-5.6,0,0.0302483372194912,-0.000121526935900665
2,17,-5.6,0.4,0.0302277612968139,-0.00011846206773951
2,18,-5.6,0.8,0.0301694321739287,-0.000109278697141286
2,19,-5.6,1.2,0.0300825039977804,-9.61592582756499e-05
2,20,-5.6,1.6,0.0299792882418969,-8.05766201665696e-05
2,21,-5.6,2,0.029872324652871,-6.42758506334126e-05
2,22,-5.6,2.4,0.0297718243621746,-4.92174668540654e-05
2,23,-5.6,2.8,0.0296844254674417,-3.61201288715442e-05
2,24,-5.6,3.2,0.0296131391211529,-2.55533351020273e-05
2,25,-5.6,3.6,0.0295580915745094,-1.7615492297253e-05
2,26,-5.6,4,0.0295176309503401,-1.1868979877406e-05
2,27,-5.6,4.4,0.0294893439077826,-7.50952448243098e-06
2,28,-5.6,4.8,0.0294711319782674,-4.89092031990634e-06
2,29,-5.6,5.2,0.0294599259853329,-2.83318561193997e-06
2,30,-5.6,5.6,0.0294524711870422,-1.58900026174098e-06
2,31,-5.6,6,0.0294967504674162,4.02309122167016e-07
3,0,-5.2,-6.4,0.0294967504674162,-5.97340151413533e-08
3,1,-5.2,-6,0.0294516252442918,-2.25000203289171e-06
3,2,-5.2,-5.6,0.029458317867725,-3.56067368094895e-06
3,3,-5.2,-5.2,0.029470005344391,-5.48861649094988e-06
3,4,-5.2,-4.8,0.0294907821507533,-8.55428132900674e-06
3,5,-5.2,-4.4,0.029525066842225,-1.34289323786781e-05
3,6,-5.2,-4,0.0295771770805363,-2.1057680831367e-05
3,7,-5.2,-3.6,0.0296528873561577,-3.20411640905903e-05
3,8,-5.2,-3.2,0.0297582602061192,-4.76513243029325e-05
3,9,-5.2,-2.8,0.0298981593782768,-6.85637454453158e-05
3,10,-5.2,-2.4,0.0300739604624843,-9.5054901702957e-05
3,11,-5.2,-2,0.0302809004306273,-0.000126917800030681
3,12,-5.2,-1.6,0.0305058223985872,-0.000160770419199358
3,13,-5.2,-1.2,0.0307267605761343,-0.000195029044949446
3,14,-5.2,-0.8,0.0309155199106932,-0.000224115864916079
3,15,-5.2,-0.4,0.0310433527646711,-0.000243814474332252
3,16,-5.2,0,0.0310886403397638,-0.000250819957975688
3,17,-5.2,0.4,0.0310433227663982,-0.000243883350761479
3,18,-5.2,0.8,0.0309154653977437,-0.000223804902001524
3,19,-5.2,1.2,0.030726689647195,-0.000194945487914291
3,20,-5.2,1.6,0.0305057463493798,-0.000161125263361011
3,21,-5.2,2,0.0302808273259449,-0.000126894957285574
3,22,-5.2,2.4,0.0300739020628376,-9.53142123426569e-05
3,23,-5.2,2.8,0.0298981220374143,-6.86816706085044e-05
3,24,-5.2,3.2,0.029758267855442,-4.76843105890673e-05
3,25,-5.2,3.6,0.0296529762191818,-3.20923006173712e-05
3,26,-5.2,4,0.0295774259768496,-2.1012536825736e-05
3,27,-5.2,4.4,0.0295256198697971,-1.32993073961631e-05
3,28,-5.2,4.8,0.0294922290264608,-7.94421168366846e-06
3,29,-5.2,5.2,0.0294717012327452,-4.63000198272613e-06
3,30,-5.2,5.6,0.029458723124296,-2.58704099629324e-06
3,31,-5.2,6,0.0294967504674162,3.56748175048134e-07
4,0,-4.8,-6.4,0.0294967504674162,6.639743092764e-08
4,1,-4.8,-6,0.0294583256614704,-3.34346348679494e-06
4,2,-4.8,-5.6,0.0294696839910225,-5.39094995134406e-06
4,3,-4.8,-5.2,0.0294907821507533,-8.78453416387113e-06
4,4,-4.8,-4.8,0.0295277789688814,-1.42714509015806e-05
4,5,-4.8,-4.4,0.0295886703696761,-2.30441837333717e-05
4,6,-4.8,-4,0.0296831622151135,-3.68654781083555e-05
4,7,-4.8,-3.6,0.0298240947217036,-5.78685952543711e-05
4,8,-4.8,-3.2,0.0300258592284222,-8.8084574556301e-05
4,9,-4.8,-2.8,0.0303014735958338,-0.000130345011874721
4,10,-4.8,-2.4,0.0306575490911176,-0.000184649149413414
4,11,-4.8,-2,0.0310877157071233,-0.000251117903763077
4,12,-4.8,-1.6,0.0315663884112142,-0.00032508114520236
4,13,-4.8,-1.2,0.0320462205704614,-0.000399457441748522
4,14,-4.8,-0.8,0.0324627809507866,-0.00046421370884628
4,15,-4.8,-0.4,0.0327481563231232,-0.000509109083402386
4,16,-4.8,0,0.0328498574207006,-0.000524603618181405
4,17,-4.8,0.4,0.032748087748535,-0.000508859231037227
4,18,-4.8,0.8,0.0324626572017286,-0.000464042314245646
4,19,-4.8,1.2,0.0320460625591495,-0.000399516729694267
4,20,-4.8,1.6,0.0315662210919159,-0.000325133522627714
4,21,-4.8,2,0.0310875582265511,-0.000250928804340842
4,22,-4.8,2.4,0.0306574190416993,-0.000184602706630112
4,23,-4.8,2.8,0.0303013791869167,-0.000129951058598055
4,24,-4.8,3.2,0.0300258198449433,-8.84913451867369e-05
4,25,-4.8,3.6,0.0298241392996148,-5.78940618558321e-05
4,26,-4.8,4,0.0296833527777056,-3.67707115396788e-05
4,27,-4.8,4.4,0.0295891219057317,-2.28899143154448e-05
4,28,-4.8,4.8,0.0295289875034656,-1.35180199382283e-05
4,29,-4.8,5.2,0.0294922284012235,-7.79716604430658e-06
4,30,-4.8,5.6,0.0294701038396735,-4.50951233370424e-06
4,31,-4.8,6,0.0294967504674162,-8.27770896729595e-08
5,0,-4.4,-6.4,0.0294967504674162,7.89151224852013e-09
5,1,-4.4,-6,0.0294698347569213,-4.94011384040142e-06
5,2,-4.4,-5.6,0.0294887797325235,-8.00454325486331e-06
5,3,-4.4,-5.2,0.029525066842225,-1.36016430976954e-05
5,4,-4.4,-4.8,0.0295886703696761,-2.31361606979506e-05
5,5,-4.4,-4.4,0.0296944687570737,-3.87038582500531e-05
5,6,-4.4,-4,0.0298628635357255,-6.3904610711794e-05
5,7,-4.4,-3.6,0.0301215127290521,-0.000103080739569802
5,8,-4.4,-3.2,0.0305034206339486,-0.000161061704141546
5,9,-4.4,-2.8,0.0310415706554095,-0.000244119857408375
5,10,-4.4,-2.4,0.0317582829588183,-0.000354968767384011
5,11,-4.4,-2,0.0326496853220406,-0.000493457432798954
5,12,-4.4,-1.6,0.0336686523249198,-0.000652841040426577
5,13,-4.4,-1.2,0.0347145580667401,-0.000816745746650536
5,14,-4.4,-0.8,0.0356403190715435,-0.000962713621614456
5,15,-4.4,-0.4,0.0362831692089338,-0.00106434361089118
5,16,-4.4,0,0.0365138794636379,-0.00110072077399171
5,17,-4.4,0.4,0.0362830113658638,-0.00106461995015346
5,18,-4.4,0.8,0.035640036730688,-0.000962682929791766
5,19,-4.4,1.2,0.0347142047013898,-0.00081680153330671
5,20,-4.4,1.6,0.0336682850986001,-0.000652554013972114
5,21,-4.4,2,0.0326493480892966,-0.000493537112352137
5,22,-4.4,2.4,0.0317580045913103,-0.0003548829258375
5,23,-4.4,2.8,0.0310413604730679,-0.000243885245848724
5,24,-4.4,3.2,0.0305032866249381,-0.000161199672929304
5,25,-4.4,3.6,0.0301214634946273,-0.000103057306755525
5,26,-4.4,4,0.0298629266766393,-6.38084841828887e-05
5,27,-4.4,4.4,0.0296947047307646,-3.8574215670332e-05
5,28,-4.4,4.8,0.0295893994226849,-2.25101980116619e-05
5,29,-4.4,5.2,0.0295259080775502,-1.27324414428607e-05
5,30,-4.4,5.6,0.0294889102282152,-7.15784205379405e-06
5,31,-4.4,6,0.0294967504674162,1.9267450943751e-07
6,0,-4,-6.4,0.0294967504674162,1.76491933391625e-07
6,1,-4,-6,0.0294869123622414,-7.24149279614822e-06
6,2,-4,-5.6,0.0295173746522647,-1.18679008683159e-05
6,3,-4,-5.2,0.0295771770805363,-2.09066801694114e-05
6,4,-4,-4.8,0.0296831622151135,-3.70059251338391e-05
6,5,-4,-4.4,0.0298628635357255,-6.4042046293779e-05
6,6,-4,-4,0.0301571974357831,-0.0001088872720415
6,7,-4,-3.6,0.0306238159951581,-0.000179793326081356
6,8,-4,-3.2,0.0313359349560535,-0.000289734874463992
6,9,-4,-2.8,0.0323737182874185,-0.000450529481086795
6,10,-4,-2.4,0.0338034363150983,-0.000673797183479499
6,11,-4,-2,0.0356420408365396,-0.000962929504250563
6,12,-4,-1.6,0.037812006471685,-0.00130610001574041
6,13,-4,-1.2,0.0401044965431603,-0.00167065949609974
6,14,-4,-0.8,0.0421823819136027,-0.00200228295369287
6,15,-4,-0.4,0.0436502278351066,-0.00223556650782921
6,16,-4,0,0.0441817725622239,-0.00232183480929169
6,17,-4,0.4,0.0436498602488354,-0.00223791572277975
6,18,-4,0.8,0.0421817330729942,-0.00200193230770909
6,19,-4,1.2,0.0401037017578834,-0.00167060745276815
6,20,-4,1.6,0.0378112016066292,-0.00130610190234726
6,21,-4,2,0.0356413235331528,-0.000962833046075006
6,22,-4,2.4,0.0338028561418783,-0.000673904963170079
6,23,-4,2.8,0.0323732817208697,-0.000450418071139837
6,24,-4,3.2,0.0313356249534321,-0.000289701746425003
6,25,-4,3.6,0.0306236026367614,-0.000179729917466739
6,26,-4,4,0.0301570490622373,-0.000108420957891518
6,27,-4,4.4,0.0298627581109142,-6.36835879160497e-05
6,28,-4,4.8,0.0296831601182431,-3.64213501977982e-05
6,29,-4,5.2,0.0295771066175072,-2.03893903855594e-05
6,30,-4,5.6,0.0295170593532301,-1.13806391879198e-05
6,31,-4,6,0.0294967504674162,1.70000885912878e-07
7,0,-3.6,-6.4,0.0294967504674162,-2.36428957487895e-07
7,1,-3.6,-6,0.0295107346582684,-1.03988243846535e-05
7,2,-3.6,-5.6,0.0295579919240327,-1.75424294599938e-05
7,3,-3.6,-5.2,0.0296528873561577,-3.20098292310616e-05
7,4,-3.6,-4.8,0.0298240947217036,-5.79731526876086e-05
7,5,-3.6,-4.4,0.0301215127290521,-0.000103162438869525
7,6,-3.6,-4,0.0306238159951582,-0.000179729309330462
7,7,-3.6,-3.6,0.0314471048840649,-0.000306713452184935
7,8,-3.6,-3.2,0.0327485190918034,-0.000509141674854255
7,9,-3.6,-2.8,0.0347164983260205,-0.0008169580384995
7,10,-3.6,-2.4,0.0375344256309922,-0.00126210465969892
7,11,-3.6,-2,0.0413036597284775,-0.00186151835372942
7,12,-3.6,-1.6,0.0459242165799364,-0.00260024889628834
7,13,-3.6,-1.2,0.0509738092287849,-0.00340922067448473
7,14,-3.6,-0.8,0.0556775089193694,-0.00416076938795161
7,15,-3.6,-0.4,0.0590634668985424,-0.00469798470369353
7,16,-3.6,0,0.0603014966280313,-0.00489623859516394
7,17,-3.6,0.4,0.0590626045303137,-0.00469983422732242
7,18,-3.6,0.8,0.0556760077443051,-0.00416269095396196
7,19,-3.6,1.2,0.0509720144109636,-0.00340886045593977
7,20,-3.6,1.6,0.0459224537704518,-0.00259997960632056
7,21,-3.6,2,0.0413021446673575,-0.00186113810859525
7,22,-3.6,2.4,0.0375332409369809,-0.00126138535307862
7,23,-3.6,2.8,0.0347156304416586,-0.000816912139126128
7,24,-3.6,3.2,0.0327478945101879,-0.000508921086590844
7,25,-3.6,3.6,0.0314466227056101,-0.00030671905578643
7,26,-3.6,4,0.0306233511490504,-0.000179714372267076
7,27,-3.6,4.4,0.0301209230091454,-0.000102722412634632
7,28,-3.6,4.8,0.0298230821108773,-5.73681864655158e-05
7,29,-3.6,5.2,0.0296515809704613,-3.14566277593702e-05
7,30,-3.6,5.6,0.0295570941045033,-1.71803604268454e-05
7,31,-3.6,6,0.0294967504674162,1.52224860583272e-07
8,0,-3.2,-6.4,0.0294967504674162,7.20682583781318e-08
8,1,-3.2,-6,0.0295423784311034,-1.52027010206959e-05
8,2,-3.2,-5.6,0.0296131128984692,-2.57112753898534e-05
8,3,-3.2,-5.2,0.0297582602061192,-4.7781396127441e-05
8,4,-3.2,-4.8,0.0300258592284222,-8.83874478374933e-05
8,5,-3.2,-4.4,0.0305034206339486,-0.000161387036837779
8,6,-3.2,-4,0.0313359349560535,-0.000289496693407647
8,7,-3.2,-3.6,0.0327485190918034,-0.000508855188639506
8,8,-3.2,-3.2,0.0350672127147697,-0.000872321110779507
8,9,-3.2,-2.8,0.0387210169904126,-0.00145026864592864
8,10,-3.2,-2.4,0.0441887535767812,-0.00232261019938086
8,11,-3.2,-2,0.0518357150317241,-0.0035468207546979
8,12,-3.2,-1.6,0.0616051382748714,-0.0050996044958284
8,13,-3.2,-1.2,0.0726508534366442,-0.00682564644846589
8,14,-3.2,-0.8,0.083188838930715,-0.0084276769523657
8,15,-3.2,-0.4,0.0908786598804891,-0.00956015050055094
8,16,-3.2,0,0.0937056522603879,-0.00996749956782719
8,17,-3.2,0.4,0.0908766792196541,-0.00955894178357548
8,18,-3.2,0.8,0.083185423612367,-0.00842563663418477
8,19,-3.2,1.2,0.0726468443053354,-0.00682565286061306
8,20,-3.2,1.6,0.0616013131682104,-0.00510100295236991
8,21,-3.2,2,0.0518325503592168,-0.00354608721663291
8,22,-3.2,2.4,0.0441863803012815,-0.00232243124138419
8,23,-3.2,2.8,0.0387193476735128,-0.0014496730698436
8,24,-3.2,3.2,0.0350660423859492,-0.000871943664782976
8,25,-3.2,3.6,0.0327476117848283,-0.00050882925162074
8,26,-3.2,4,0.0313350194858884,-0.000289180923499384
8,27,-3.2,4.4,0.0305021873156709,-0.000160864537701555
8,28,-3.2,4.8,0.0300235359558892,-8.76298474056315e-05
8,29,-3.2,5.2,0.0297553858644006,-4.67939614655951e-05
8,30,-3.2,5.6,0.029611522587534,-2.51582020636829e-05
8,31,-3.2,6,0.0294967504674162,2.56974599194358e-07
9,0,-2.8,-6.4,0.0294967504674162,-1.22942543495748e-07
9,1,-2.8,-6,0.0295824173598472,-2.09093495875016e-05
9,2,-2.8,-5.6,0.0296844366802877,-3.64017581231651e-05
9,3,-2.8,-5.2,0.0298981593782768,-6.88899736258564e-05
9,4,-2.8,-4.8,0.0303014735958338,-0.000130276672732119
9,5,-2.8,-4.4,0.0310415706554095,-0.000244128985181983
9,6,-2.8,-4,0.0323737182874184,-0.000450859731534252
9,7,-2.8,-3.6,0.0347164983260205,-0.000817269226396237
9,8,-2.8,-3.2,0.0387210169904125,-0.00145057690357315
9,9,-2.8,-2.8,0.0453234622657997,-0.00250349055774108
9,10,-2.8,-2.4,0.055685060123279,-0.00416009630745375
9,11,-2.8,-2,0.0708396588082937,-0.0065456247327437
9,12,-2.8,-1.6,0.0908815539796175,-0.00955879064825122
9,13,-2.8,-1.2,0.113966734624625,-0.0127667647559369
9,14,-2.8,-0.8,0.136055998543244,-0.0155441630359743
9,15,-2.8,-0.4,0.152061948668736,-0.0173682574616108
9,16,-2.8,0,0.1578968648823,-0.0179938001255151
9,17,-2.8,0.4,0.152057829361679,-0.0173662190998593
9,18,-2.8,0.8,0.136048829936183,-0.0155439548918423
9,19,-2.8,1.2,0.113958286498764,-0.0127664607277542
9,20,-2.8,1.6,0.0908735696006472,-0.00955646164449017
9,21,-2.8,2,0.070833228692235,-0.00654428638119794
9,22,-2.8,2.4,0.0556804279052793,-0.00416060535296474
9,23,-2.8,2.8,0.0453203521015338,-0.00250305826576302
9,24,-2.8,3.2,0.0387189309708322,-0.00144895633011533
9,25,-2.8,3.6,0.0347149394068733,-0.000816462499996144
9,26,-2.8,4,0.0323721827796179,-0.000450510515529208
9,27,-2.8,4.4,0.03103951911597,-0.000243477325070052
9,28,-2.8,4.8,0.0302975347807176,-0.000129258949956178
9,29,-2.8,5.2,0.0298934019688474,-6.75227157258958e-05
9,30,-2.8,5.6,0.0296820748569798,-3.55778345658421e-05
9,31,-2.8,6,0.0294967504674162,-1.61590411991071e-07
10,0,-2.4,-6.4,0.0294967504674162,-9.70394082404999e-08
10,1,-2.4,-6,0.0296304189735008,-2.79666351459746e-05
10,2,-2.4,-5.6,0.0297718494148685,-4.92853877409383e-05
10,3,-2.4,-5.2,0.0300739604624842,-9.53110758933368e-05
10,4,-2.4,-4.8,0.0306575490911176,-0.000184780807662285
10,5,-2.4,-4.4,0.0317582829588183,-0.000354926834215952
10,6,-2.4,-4,0.0338034363150983,-0.000673769218035774
10,7,-2.4,-3.6,0.0375344256309922,-0.00126245623551036
10,8,-2.4,-3.2,0.0441887535767812,-0.00232297487377575
10,9,-2.4,-2.8,0.0556850601232791,-0.00416096777473488
10,10,-2.4,-2.4,0.0745620869017715,-0.00712024407813749
10,11,-2.4,-2,0.103090924558364,-0.0112928821144735
10,12,-2.4,-1.6,0.14114202522447,-0.0161391204626917
10,13,-2.4,-1.2,0.184056651633004,-0.020540073851566
10,14,-2.4,-0.8,0.223388759635837,-0.0235865173173662
10,15,-2.4,-0.4,0.250592536652984,-0.0251674215689565
10,16,-2.4,0,0.260220947067677,-0.0256206443297902
10,17,-2.4,0.4,0.250585659575749,-0.0251623972244309
10,18,-2.4,0.8,0.22337627722983,-0.0235835349394022
10,19,-2.4,1.2,0.184041189431185,-0.0205351989886014
10,20,-2.4,1.6,0.141126894629799,-0.0161383737809149
10,21,-2.4,2,0.103078657214408,-0.0112918539613125
10,22,-2.4,2.4,0.0745534431023654,-0.00711821997847723
10,23,-2.4,2.8,0.0556794926675555,-0.00416082709502355
10,24,-2.4,3.2,0.0441852006749271,-0.00232132425552642
10,25,-2.4,3.6,0.0375319072263074,-0.00126186487729105
10,26,-2.4,4,0.0338010783875579,-0.000673405890058467
10,27,-2.4,4.4,0.0317552343142323,-0.000354182050239118
10,28,-2.4,4.8,0.0306517134722023,-0.000183338804066179
10,29,-2.4,5.2,0.0300670583586712,-9.38665440555775e-05
10,30,-2.4,5.6,0.0297686841726718,-4.84721331601946e-05
10,31,-2.4,6,0.0294967504674162,1.04758337726986e-07
11,0,-2,-6.4,0.0294967504674162,1.32813085246068e-07
11,1,-2,-6,0.0296844869763513,-3.59730677310027e-05
11,2,-2,-5.6,0.0298723588607247,-6.43716699943117e-05
11,3,-2,-5.2,0.0302809004306273,-0.000127068204059482
11,4,-2,-4.8,0.0310877157071233,-0.000251024282241127
11,5,-2,-4.4,0.0326496853220406,-0.000493392966056152
11,6,-2,-4,0.0356420408365396,-0.000962973660792904
11,7,-2,-3.6,0.0413036597284775,-0.00186166726579432
11,8,-2,-3.2,0.0518357150317241,-0.00354626477699164
11,9,-2,-2.8,0.0708396588082937,-0.00654529654483626
11,10,-2,-2.4,0.103090924558363,-0.0112928607059024
11,11,-2,-2,0.152054419058979,-0.0173646934865934
11,12,-2,-1.6,0.214909318663391,-0.0230119407548535
11,13,-2,-1.2,0.280326221520531,-0.0264067881005421
11,14,-2,-0.8,0.334367813943827,-0.0274335558529189
11,15,-2,-0.4,0.368350839904749,-0.0272809992719719
11,16,-2,0,0.379738167070834,-0.0270952335192165
11,17,-2,0.4,0.368342569216139,-0.0272816366914799
11,18,-2,0.8,0.334351529691299,-0.0274339609383342
11,19,-2,1.2,0.280303758655514,-0.0264101490442097
11,20,-2,1.6,0.214885057944419,-0.0230061008126073
11,21,-2,2,0.152033501663577,-0.0173625826115783
11,22,-2,2.4,0.103075964862457,-0.0112887433455078
11,23,-2,2.8,0.0708302430808795,-0.00654404583707358
11,24,-2,3.2,0.0518299680728265,-0.00354501291018629
11,25,-2,3.6,0.0412998074349516,-0.00186069391325122
11,26,-2,4,0.0356386440308722,-0.000962049557954115
11,27,-2,4.4,0.0326454801351655,-0.000491592546318157
11,28,-2,4.8,0.0310797714396098,-0.000249204052539041
11,29,-2,5.2,0.0302716917392709,-0.000124965656767182
11,30,-2,5.6,0.029868407931202,-6.34579724684527e-05
11,31,-2,6,0.0294967504674162,1.36741366171123e-07
12,0,-1.6,-6.4,0.0294967504674162,7.12158778801895e-08
12,1,-1.6,-6,0.0297409727567472,-4.4410827282291e-05
12,2,-1.6,-5.6,0.0299793230668264,-8.07049146430735e-05
12,3,-1.6,-5.2,0.0305058223985872,-0.000161163800727469
12,4,-1.6,-4.8,0.0315663884112142,-0.000324979721824647
12,5,-1.6,-4.4,0.0336686523249198,-0.000652818335245988
12,6,-1.6,-4,0.037812006471685,-0.00130626310376583
12,7,-1.6,-3.6,0.0459242165799365,-0.00260041820721643
12,8,-1.6,-3.2,0.0616051382748714,-0.00510146772636913
12,9,-1.6,-2.8,0.0908815539796176,-0.00955995288563385
12,10,-1.6,-2.4,0.141142025224471,-0.0161386946735841
12,11,-1.6,-2,0.214909318663391,-0.0230043755238064
12,12,-1.6,-1.6,0.301365336128173,-0.0269932650168511
12,13,-1.6,-1.2,0.379727577654679,-0.0270906078309211
12,14,-1.6,-0.8,0.435415381265538,-0.0252158554021677
12,15,-1.6,-0.4,0.466689833310626,-0.0235149734518941
12,16,-1.6,0,0.476632895362833,-0.0229029658456069
12,17,-1.6,0.4,0.466682486689877,-0.0235226232687247
12,18,-1.6,0.8,0.435399699695261,-0.0252139224873408
12,19,-1.6,1.2,0.379702655442058,-0.0270959992893271
12,20,-1.6,1.6,0.301333902718725,-0.0269948018043021
12,21,-1.6,2,0.214878733946425,-0.0230019490531483
12,22,-1.6,2.4,0.141118767232217,-0.0161360804108247
12,23,-1.6,2.8,0.0908668291913695,-0.00955677114725449
12,24,-1.6,3.2,0.0615964200895981,-0.00509921233430002
12,25,-1.6,3.6,0.045918657531928,-0.00259887839365595
12,26,-1.6,4,0.0378073857264277,-0.00130499107505278
12,27,-1.6,4.4,0.0336631897456213,-0.000651836878959338
12,28,-1.6,4.8,0.0315562516806755,-0.000323130019237027
12,29,-1.6,5.2,0.0304942967369341,-0.000159029567527158
12,30,-1.6,5.6,0.0299746586675147,-7.96308508748098e-05
12,31,-1.6,6,0.0294967504674162,-2.83458848396813e-08
13,0,-1.2,-6.4,0.0294967504674162,-9.63704348264474e-09
13,1,-1.2,-6,0.0297946152271667,-5.24086537294553e-05
13,2,-1.2,-5.6,0.0300825363917596,-9.62583719794884e-05
13,3,-1.2,-5.2,0.0307267605761343,-0.000195080471428476
13,4,-1.2,-4.8,0.0320462205704614,-0.000399470062385689
13,5,-1.2,-4.4,0.0347145580667401,-0.000816894721256562
13,6,-1.2,-4,0.0401044965431603,-0.00167066963340895
13,7,-1.2,-3.6,0.0509738092287849,-0.00340923440436618
13,8,-1.2,-3.2,0.0726508534366442,-0.00682570417446847
13,9,-1.2,-2.8,0.113966734624625,-0.0127678688971524
13,10,-1.2,-2.4,0.184056651633004,-0.0205381570117276
13,11,-1.2,-2,0.280326221520532,-0.0264106095339286
13,12,-1.2,-1.6,0.37972757765468,-0.027097829786682
13,13,-1.2,-1.2,0.456502243342042,-0.0241218125096336
13,14,-1.2,-0.8,0.505088563516559,-0.0209975158505546
13,15,-1.2,-0.4,0.532022872968596,-0.0191912060758137
13,16,-1.2,0,0.540847289570272,-0.0186093146652359
13,17,-1.2,0.4,0.532016404238865,-0.0191803306325426
13,18,-1.2,0.8,0.50507514116734,-0.0210032332800097
13,19,-1.2,1.2,0.456479544746388,-0.0241278975129848
13,20,-1.2,1.6,0.379694144019406,-0.0270945787258029
13,21,-1.2,2,0.28028820684116,-0.0264074741480746
13,22,-1.2,2.4,0.184024746327341,-0.0205348366308503
13,23,-1.2,2.8,0.113945831758547,-0.0127672901532557
13,24,-1.2,3.2,0.0726386273680555,-0.00682227723426474
13,25,-1.2,3.6,0.0509663083387809,-0.0034077136034358
13,26,-1.2,4,0.0400985717640554,-0.00166892292824518
13,27,-1.2,4.4,0.0347078464427125,-0.00081545573001201
13,28,-1.2,4.8,0.032033997196593,-0.000397202118400369
13,29,-1.2,5.2,0.0307131014475749,-0.000192645085614133
13,30,-1.2,5.6,0.0300772748112912,-9.51546892639235e-05
13,31,-1.2,6,0.0294967504674162,4.92026295301915e-08
14,0,-0.8,-6.4,0.0294967504674162,3.9792741537426e-08
14,1,-0.8,-6,0.0298392544035886,-5.90632196453199e-05
14,2,-0.8,-5.6,0.0301694564495456,-0.000109424694033932
14,3,-0.8,-5.2,0.0309155199106932,-0.000224082965845464
14,4,-0.8,-4.8,0.0324627809507867,-0.000464424368503893
14,5,-0.8,-4.4,0.0356403190715436,-0.000962688088041845
14,6,-0.8,-4,0.0421823819136028,-0.0020026327329305
14,7,-0.8,-3.6,0.0556775089193695,-0.00416121719901561
14,8,-0.8,-3.2,0.0831888389307151,-0.00842631593217454
14,9,-0.8,-2.8,0.136055998543244,-0.0155425405988509
14,10,-0.8,-2.4,0.223388759635837,-0.0235888821531904
14,11,-0.8,-2,0.334367813943827,-0.0274328696601825
14,12,-0.8,-1.6,0.435415381265539,-0.0252281066654831
14,13,-0.8,-1.2,0.505088563516558,-0.0209926577664385
14,14,-0.8,-0.8,0.549650489291609,-0.0180614309037404
14,15,-0.8,-0.4,0.576046656489323,-0.0164289398369961
14,16,-0.8,0,0.584587303326043,-0.0158445735738292
14,17,-0.8,0.4,0.576040286026913,-0.0164478689435175
14,18,-0.8,0.8,0.549637587519517,-0.0180712818039113
14,19,-0.8,1.2,0.505068283351827,-0.0209904187002609
14,20,-0.8,1.6,0.435383656172592,-0.0252261335963381
14,21,-0.8,2,0.334326276136008,-0.0274296054652849
14,22,-0.8,2.4,0.22334994312335,-0.0235752413115195
14,23,-0.8,2.8,0.136029286980277,-0.0155381595909708
14,24,-0.8,3.2,0.0831731784694722,-0.0084240305495393
14,25,-0.8,3.6,0.055668139086812,-0.00415829090445559
14,26,-0.8,4,0.0421752607976847,-0.00200066127385225
14,27,-0.8,4.4,0.0356325229012675,-0.0009611435973017
14,28,-0.8,4.8,0.0324488111526841,-0.000461719671616022
14,29,-0.8,5.2,0.0309001255678185,-0.000221374802426068
14,30,-0.8,5.6,0.0301637495475681,-0.000108298257560442
14,31,-0.8,6,0.0294967504674162,-5.28106484991036e-07
15,0,-0.4,-6.4,0.0294967504674162,4.07034135159821e-08
15,1,-0.4,-6,0.0298689256129396,-6.34610471038101e-05
15,2,-0.4,-5.6,0.0302277746635803,-0.000118259896108087
15,3,-0.4,-5.2,0.0310433527646711,-0.000243748773311542
15,4,-0.4,-4.8,0.0327481563231231,-0.00050830458507264
15,5,-0.4,-4.4,0.0362831692089338,-0.00106408855709233
15,6,-0.4,-4,0.0436502278351066,-0.00223690440231212
15,7,-0.4,-3.6,0.0590634668985425,-0.00470003479223041
15,8,-0.4,-3.2,0.0908786598804893,-0.00956046677570456
15,9,-0.4,-2.8,0.152061948668737,-0.0173679991602192
15,10,-0.4,-2.4,0.250592536652985,-0.0251615581179735
15,11,-0.4,-2,0.368350839904749,-0.0272820442733264
15,12,-0.4,-1.6,0.466689833310626,-0.0235289277438878
15,13,-0.4,-1.2,0.532022872968596,-0.0191736661928896
15,14,-0.4,-0.8,0.576046656489325,-0.0164048771189363
15,15,-0.4,-0.4,0.599986568978609,-0.0144221290304413
15,16,-0.4,0,0.60588442957045,-0.0135935455230558
15,17,-0.4,0.4,0.59998162008808,-0.0144774992191733
15,18,-0.4,0.8,0.576033959090237,-0.0164168954586349
15,19,-0.4,1.2,0.532003318899666,-0.0191926623872065
15,20,-0.4,1.6,0.466660075525781,-0.023522616721761
15,21,-0.4,2,0.368308535697757,-0.0272809327981565
15,22,-0.4,2.4,0.250549639878716,-0.0251621240873931
15,23,-0.4,2.8,0.152031155405714,-0.0173648505193818
15,24,-0.4,3.2,0.0908604621564743,-0.00955650864942265
15,25,-0.4,3.6,0.0590527223394757,-0.00469753558871708
15,26,-0.4,4,0.0436422523286948,-0.00223401041268251
15,27,-0.4,4.4,0.0362746274799164,-0.0010630761872288
15,28,-0.4,4.8,0.0327330173351927,-0.000505820857254098
15,29,-0.4,5.2,0.0310268210106645,-0.000240941474491338
15,30,-0.4,5.6,0.0302217938375184,-0.000117061535385367
15,31,-0.4,6,0.0294967504674162,-2.10055711824093e-07
16,0,0,-6.4,0.0294967504674162,-1.82692051175773e-07
16,1,0,-6,0.029879337260142,-6.50156024506628e-05
16,2,0,-5.6,0.0302483372194912,-0.000121656545828513
16,3,0,-5.2,0.0310886403397638,-0.000250992799468095
16,4,0,-4.8,0.0328498574207006,-0.000524891085872847
16,5,0,-4.4,0.0365138794636378,-0.0011007405381148
16,6,0,-4,0.0441817725622239,-0.00232248022301843
16,7,0,-3.6,0.0603014966280313,-0.00489613310882341
16,8,0,-3.2,0.0937056522603883,-0.00996892346827228
16,9,0,-2.8,0.157896864882301,-0.0179939013091804
16,10,0,-2.4,0.260220947067678,-0.025617527031385
16,11,0,-2,0.379738167070835,-0.0270963905437392
16,12,0,-1.6,0.476632895362833,-0.0229052733960586
16,13,0,-1.2,0.540847289570273,-0.0186136537169607
16,14,0,-0.8,0.584587303326042,-0.015853635343548
16,15,0,-0.4,0.60588442957045,-0.0136069247502201
16,16,0,0,0.609620550225263,-0.0126693321954842
16,17,0,0.4,0.605880742933258,-0.0136626402761028
16,18,0,0.8,0.584575058638943,-0.0158436327587088
16,19,0,1.2,0.540827797409205,-0.0186069247571282
16,20,0,1.6,0.476603845164064,-0.0229063892053435
16,21,0,2,0.379695878567156,-0.0270931657232598
16,22,0,2.4,0.26017676295111,-0.025622115298669
16,23,0,2.8,0.157864616324139,-0.0179911003971986
16,24,0,3.2,0.093686519090802,-0.00996584923347741
16,25,0,3.6,0.0602902443411225,-0.00489382094936845
16,26,0,4,0.0441734860536102,-0.00232019388368062
16,27,0,4.4,0.0365050712580525,-0.00109872206037066
16,28,0,4.8,0.0328343064339594,-0.000521664809728859
16,29,0,5.2,0.0310717121294048,-0.000247983755704611
16,30,0,5.6,0.0302422638302052,-0.000120026633354308
16,31,0,6,0.0294967504674162,4.831608561714e-08
17,0,0.4,-6.4,0.0294967504674162,1.17128814484438e-07
17,1,0.4,-6,0.029868919038334,-6.34099632394646e-05
17,2,0.4,-5.6,0.0302277612968138,-0.00011805037243629
17,3,0.4,-5.2,0.0310433227663982,-0.000243707653311414
17,4,0.4,-4.8,0.032748087748535,-0.000508294603725069
17,5,0.4,-4.4,0.0362830113658638,-0.00106439968010087
17,6,0.4,-4,0.0436498602488355,-0.00223676943548155
17,7,0.4,-3.6,0.0590626045303137,-0.00469907424295952
17,8,0.4,-3.2,0.0908766792196543,-0.00955977201735395
17,9,0.4,-2.8,0.152057829361679,-0.0173688237523223
17,10,0.4,-2.4,0.25058565957575,-0.0251657964154394
17,11,0.4,-2,0.368342569216141,-0.0272755527205042
17,12,0.4,-1.6,0.466682486689878,-0.0235121969168224
17,13,0.4,-1.2,0.532016404238865,-0.0191788621109089
17,14,0.4,-0.8,0.576040286026913,-0.0164441185477795
17,15,0.4,-0.4,0.599981620088081,-0.0144515636646977
17,16,0.4,0,0.605880742933257,-0.0136278422461984
17,17,0.4,0.4,0.599976668721182,-0.0144567199713429
17,18,0.4,0.8,0.576027593263389,-0.0164086724629978
17,19,0.4,1.2,0.531996851020654,-0.019180491753891
17,20,0.4,1.6,0.466652735167354,-0.023525083246489
17,21,0.4,2,0.368300269778745,-0.0272773648498579
17,22,0.4,2.4,0.250542772043917,-0.0251636025984429
17,23,0.4,2.8,0.152027041561582,-0.0173631824417567
17,24,0.4,3.2,0.0908584853002738,-0.00955680135105594
17,25,0.4,3.6,0.0590518616052,-0.0046985541215884
17,26,0.4,4,0.0436418856614519,-0.00223630860355406
17,27,0.4,4.4,0.0362744700239581,-0.00106203067264365
17,28,0.4,4.8,0.0327329491316298,-0.000505632590974656
17,29,0.4,5.2,0.0310267912540861,-0.00024094436087597
17,30,0.4,5.6,0.0302217806017866,-0.000116761141905755
17,31,0.4,6,0.0294967504674162,-3.95596177450788e-08
18,0,0.8,-6.4,0.0294967504674162,2.40128655822734e-07
18,1,0.8,-6,0.0298392423454183,-5.895839873314e-05
18,2,0.8,-5.6,0.0301694321739287,-0.000109388250451005
18,3,0.8,-5.2,0.0309154653977437,-0.000224074145654091
18,4,0.8,-4.8,0.0324626572017287,-0.000464182723954234
18,5,0.8,-4.4,0.035640036730688,-0.00096252921214533
18,6,0.8,-4,0.0421817330729942,-0.00200167431867809
18,7,0.8,-3.6,0.0556760077443051,-0.00415955336361473
18,8,0.8,-3.2,0.0831854236123672,-0.00842655291601559
18,9,0.8,-2.8,0.136048829936184,-0.0155421751984141
18,10,0.8,-2.4,0.223376277229831,-0.0235900378198875
18,11,0.8,-2,0.3343515296913,-0.0274334882486177
18,12,0.8,-1.6,0.435399699695261,-0.0252274908493968
18,13,0.8,-1.2,0.505075141167341,-0.0210036130356788
18,14,0.8,-0.8,0.549637587519517,-0.0180529563045169
18,15,0.8,-0.4,0.576033959090239,-0.0164243121282194
18,16,0.8,0,0.584575058638942,-0.0158492311840734
18,17,0.8,0.4,0.576027593263389,-0.0164274470174787
18,18,0.8,0.8,0.549624686840156,-0.0180493378672603
18,19,0.8,1.2,0.505054870826643,-0.0210077281818103
18,20,0.8,1.6,0.43536797961875,-0.0252300105231339
18,21,0.8,2,0.334310009101523,-0.0274312331465682
18,22,0.8,2.4,0.223337473827433,-0.0235827122548534
18,23,0.8,2.8,0.13602213013639,-0.0155386533115717
18,24,0.8,3.2,0.0831697688134421,-0.00842480900301234
18,25,0.8,3.6,0.055666641178912,-0.00415756067860813
18,26,0.8,4,0.0421746133098151,-0.00200030233873921
18,27,0.8,4.4,0.0356322414194444,-0.000960933515075104
18,28,0.8,4.8,0.0324486879754923,-0.000461965814469264
18,29,0.8,5.2,0.0309000715797549,-0.000221363339110776
18,30,0.8,5.6,0.0301637253063635,-0.000108121333813051
18,31,0.8,6,0.0294967504674162,-2.21325730481653e-07
19,0,1.2,-6.4,0.0294967504674162,3.52944513086166e-08
19,1,1.2,-6,0.0297945988760004,-5.22789888668832e-05
19,2,1.2,-5.6,0.0300825039977804,-9.62578770660558e-05
19,3,1.2,-5.2,0.030726689647195,-0.00019516580600271
19,4,1.2,-4.8,0.0320460625591494,-0.000399413817113973
19,5,1.2,-4.4,0.0347142047013898,-0.000816669785403257
19,6,1.2,-4,0.0401037017578834,-0.001670304753333
19,7,1.2,-3.6,0.0509720144109637,-0.00340904013849348
19,8,1.2,-3.2,0.0726468443053355,-0.00682535575655913
19,9,1.2,-2.8,0.113958286498764,-0.0127670746817718
19,10,1.2,-2.4,0.184041189431185,-0.0205362894808952
19,11,1.2,-2,0.280303758655515,-0.0264076418552547
19,12,1.2,-1.6,0.379702655442059,-0.0270928994721257
19,13,1.2,-1.2,0.45647954474639,-0.0241170158948463
19,14,1.2,-0.8,0.505068283351827,-0.0210005339173655
19,15,1.2,-0.4,0.532003318899667,-0.0191814546886372
19,16,1.2,0,0.540827797409206,-0.0186137853381498
19,17,1.2,0.4,0.531996851020654,-0.0191934556195881
19,18,1.2,0.8,0.505054870826643,-0.0210133397567129
19,19,1.2,1.2,0.456456850093507,-0.0241275651216256
19,20,1.2,1.6,0.379669241100392,-0.0270950625573616
19,21,1.2,2,0.280265762101988,-0.0264088091829957
19,22,1.2,2.4,0.184009304927051,-0.0205367259971943
19,23,1.2,2.8,0.11393739570455,-0.0127652861189593
19,24,1.2,3.2,0.0726346257090164,-0.00682349228803535
19,25,1.2,3.6,0.0509645169375881,-0.00340736696925615
19,26,1.2,4,0.0400977788930206,-0.00166955646562079
19,27,1.2,4.4,0.0347074939889377,-0.00081541358911189
19,28,1.2,4.8,0.0320338400766485,-0.000397071470237274
19,29,1.2,5.2,0.0307130311905245,-0.00019255138447179
19,30,1.2,5.6,0.0300772427978622,-9.51804357201808e-05
19,31,1.2,6,0.0294967504674162,-7.18961695779283e-08
20,0,1.6,-6.4,0.0294967504674162,3.3918081931886e-09
20,1,1.6,-6,0.029740954921767,-4.41991199617832e-05
20,2,1.6,-5.6,0.0299792882418969,-8.0458370438662e-05
20,3,1.6,-5.2,0.0305057463493797,-0.000161158147353465
20,4,1.6,-4.8,0.0315662210919159,-0.000324949596685692
20,5,1.6,-4.4,0.0336682850986001,-0.000652590185072278
20,6,1.6,-4,0.0378112016066292,-0.00130586248822123
20,7,1.6,-3.6,0.0459224537704519,-0.00260035535517267
20,8,1.6,-3.2,0.0616013131682105,-0.00509982518326765
20,9,1.6,-2.8,0.0908735696006476,-0.00955674297585796
20,10,1.6,-2.4,0.141126894629799,-0.0161376050892666
20,11,1.6,-2,0.21488505794442,-0.0230046893957817
20,12,1.6,-1.6,0.301333902718726,-0.0269903614335218
20,13,1.6,-1.2,0.379694144019408,-0.027086183994148
20,14,1.6,-0.8,0.435383656172593,-0.0252289070657197
20,15,1.6,-0.4,0.466660075525782,-0.0235289438114244
20,16,1.6,0,0.476603845164064,-0.0228883138772991
20,17,1.6,0.4,0.466652735167355,-0.0235221419146235
20,18,1.6,0.8,0.43536797961875,-0.0252278650657017
20,19,1.6,1.2,0.379669241100393,-0.0270955766707868
20,20,1.6,1.6,0.301302489562214,-0.0269932677986282
20,21,1.6,2,0.214854499254578,-0.0230024243800216
20,22,1.6,2.4,0.141103655183798,-0.016134376784953
20,23,1.6,2.8,0.0908588573789352,-0.00955571631797043
20,24,1.6,3.2,0.0615926015702724,-0.00509807181257134
20,25,1.6,3.6,0.0459168982862585,-0.00259951056237747
20,26,1.6,4,0.0378065826123126,-0.00130506128032075
20,27,1.6,4.4,0.0336628235727783,-0.000651593196675543
20,28,1.6,4.8,0.0315560852688386,-0.000323010332745428
20,29,1.6,5.2,0.030494221464148,-0.0001589164375599
20,30,1.6,5.6,0.0299746238327919,-7.96071001513623e-05
20,31,1.6,6,0.0294967504674162,1.05242126356439e-07
21,0,2,-6.4,0.0294967504674162,5.84798250010837e-08
21,1,2,-6,0.0296844693715609,-3.58033821409735e-05
21,2,2,-5.6,0.029872324652871,-6.42835726423649e-05
21,3,2,-5.2,0.030280827325945,-0.000126635997606378
21,4,2,-4.8,0.0310875582265511,-0.000250937112018069
21,5,2,-4.4,0.0326493480892966,-0.0004932023839749
21,6,2,-4,0.0356413235331527,-0.000962699283206956
21,7,2,-3.6,0.0413021446673576,-0.00186119366080022
21,8,2,-3.2,0.0518325503592169,-0.00354625826910916
21,9,2,-2.8,0.0708332286922354,-0.00654396800476391
21,10,2,-2.4,0.103078657214409,-0.0112911469500855
21,11,2,-2,0.152033501663578,-0.0173632382258017
21,12,2,-1.6,0.214878733946426,-0.023001377716492
21,13,2,-1.2,0.280288206841161,-0.0264075944592565
21,14,2,-0.8,0.334326276136008,-0.0274360954857264
21,15,2,-0.4,0.368308535697759,-0.0272805486069912
21,16,2,0,0.379695878567157,-0.0270991085857889
21,17,2,0.4,0.368300269778746,-0.0272844079494786
21,18,2,0.8,0.334310009101523,-0.0274338290936225
21,19,2,1.2,0.280265762101989,-0.0264074862747848
21,20,2,1.6,0.214854499254578,-0.0230041111715181
21,21,2,2,0.152012605590928,-0.0173608177298705
21,22,2,2.4,0.103063713752667,-0.0112893902065437
21,23,2,2.8,0.0708238226720853,-0.00654221779818149
21,24,2,3.2,0.0518268089092621,-0.00354439238482397
21,25,2,3.6,0.0412982952880155,-0.00186047799179538
21,26,2,4,0.0356379282944065,-0.000961843657157448
21,27,2,4.4,0.032645143788305,-0.000492778380400865
21,28,2,4.8,0.0310796147692761,-0.000249398724084241
21,29,2,5.2,0.0302716192903953,-0.000124932313841395
21,30,2,5.6,0.0298683739890697,-6.36267730113903e-05
21,31,2,6,0.0294967504674162,-1.36748337559398e-07
22,0,2.4,-6.4,0.0294967504674162,6.30558756228441e-08
22,1,2.4,-6,0.0296304072239355,-2.78913506468706e-05
22,2,2.4,-5.6,0.0297718243621746,-4.92340292341579e-05
22,3,2.4,-5.2,0.0300739020628376,-9.5328257559021e-05
22,4,2.4,-4.8,0.0306574190416993,-0.000184721621831051
22,5,2.4,-4.4,0.0317580045913103,-0.000354829297398395
22,6,2.4,-4,0.0338028561418784,-0.000674037141505376
22,7,2.4,-3.6,0.0375332409369809,-0.00126260694671237
22,8,2.4,-3.2,0.0441863803012816,-0.00232220899698985
22,9,2.4,-2.8,0.0556804279052794,-0.0041604708428564
22,10,2.4,-2.4,0.0745534431023656,-0.00711561666182671
22,11,2.4,-2,0.103075964862458,-0.0112891681640837
22,12,2.4,-1.6,0.141118767232218,-0.0161353820289569
22,13,2.4,-1.2,0.184024746327342,-0.0205357477366299
22,14,2.4,-0.8,0.223349943123351,-0.023576650970008
22,15,2.4,-0.4,0.250549639878717,-0.0251635390233693
22,16,2.4,0,0.260176762951111,-0.0256227393690089
22,17,2.4,0.4,0.250542772043918,-0.0251599396157733
22,18,2.4,0.8,0.223337473827433,-0.0235813366632627
22,19,2.4,1.2,0.184009304927051,-0.0205323461553995
22,20,2.4,1.6,0.141103655183798,-0.016135356973727
22,21,2.4,2,0.103063713752667,-0.0112881541095094
22,22,2.4,2.4,0.0745448103202473,-0.00711754636234242
22,23,2.4,2.8,0.0556748673248596,-0.00416010781992848
22,24,2.4,3.2,0.0441828313762862,-0.00232063607415481
22,25,2.4,3.6,0.0375307246867825,-0.00126097101586787
22,26,2.4,4,0.0338004992817493,-0.000673132935333103
22,27,2.4,4.4,0.0317549563261339,-0.000354136248418218
22,28,2.4,4.8,0.0306515835914278,-0.000183661805610373
22,29,2.4,5.2,0.0300669996597791,-9.36605123335773e-05
22,30,2.4,5.6,0.0297686577377704,-4.86538864352892e-05
22,31,2.4,6,0.0294967504674162,-3.25788786504308e-07
23,0,2.8,-6.4,0.0294967504674162,-2.93840687345229e-07
23,1,2.8,-6,0.0295824163441753,-2.07831702923932e-05
23,2,2.8,-5.6,0.0296844254674417,-3.61358267618016e-05
23,3,2.8,-5.2,0.0298981220374142,-6.86388815309832e-05
23,4,2.8,-4.8,0.0303013791869167,-0.00013041887950681
23,5,2.8,-4.4,0.0310413604730679,-0.00024385972756786
23,6,2.8,-4,0.0323732817208697,-0.00045033176432321
23,7,2.8,-3.6,0.0347156304416587,-0.000816918073237231
23,8,2.8,-3.2,0.0387193476735128,-0.00144988314638624
23,9,2.8,-2.8,0.045320352101534,-0.00250351776956667
23,10,2.8,-2.4,0.0556794926675556,-0.00415911976047164
23,11,2.8,-2,0.0708302430808799,-0.00654393195008723
23,12,2.8,-1.6,0.0908668291913701,-0.00955726020122745
23,13,2.8,-1.2,0.113945831758547,-0.0127650693080264
23,14,2.8,-0.8,0.136029286980278,-0.0155419695097782
23,15,2.8,-0.4,0.152031155405715,-0.017363214601623
23,16,2.8,0,0.15786461632414,-0.0179898961621186
23,17,2.8,0.4,0.152027041561583,-0.0173633337414796
23,18,2.8,0.8,0.13602213013639,-0.0155385755382301
23,19,2.8,1.2,0.113937395704551,-0.012764380657123
23,20,2.8,1.6,0.0908588573789352,-0.00955434848347568
23,21,2.8,2,0.0708238226720854,-0.00654270905563887
23,22,2.8,2.4,0.0556748673248596,-0.00415867280071926
23,23,2.8,2.8,0.0453172463469679,-0.00250242355291837
23,24,2.8,3.2,0.0387172642190822,-0.0014493177949994
23,25,2.8,3.6,0.0347140727805401,-0.000816610340743026
23,26,2.8,4,0.0323717464100257,-0.000450320713437506
23,27,2.8,4.4,0.0310393081826057,-0.000243553967662645
23,28,2.8,4.8,0.0302974387569472,-0.000129432136681599
23,29,2.8,5.2,0.0298933621112007,-6.74873075520615e-05
23,30,2.8,5.6,0.0296820609824644,-3.57345740429641e-05
23,31,2.8,6,0.0294967504674162,2.90118733431509e-07
24,0,3.2,-6.4,0.0294967504674162,-5.78212897039118e-10
24,1,3.2,-6,0.029542407250403,-1.51327282790673e-05
24,2,3.2,-5.6,0.0296131391211528,-2.57004359485885e-05
24,3,3.2,-5.2,0.029758267855442,-4.75976240110201e-05
24,4,3.2,-4.8,0.0300258198449433,-8.82142375261243e-05
24,5,3.2,-4.4,0.0305032866249381,-0.000161017940843682
24,6,3.2,-4,0.0313356249534321,-0.000289391552654328
24,7,3.2,-3.6,0.0327478945101879,-0.000508950497027982
24,8,3.2,-3.2,0.0350660423859493,-0.000871973237009377
24,9,3.2,-2.8,0.0387189309708323,-0.00144971508462455
24,10,3.2,-2.4,0.0441852006749271,-0.00232207929498812
24,11,3.2,-2,0.0518299680728267,-0.00354481306388761
24,12,3.2,-1.6,0.0615964200895983,-0.00510078533445942
24,13,3.2,-1.2,0.0726386273680557,-0.00682360726267093
24,14,3.2,-0.8,0.0831731784694726,-0.00842363163224076
24,15,3.2,-0.4,0.0908604621564748,-0.00955592625515583
24,16,3.2,0,0.0936865190908025,-0.00996655161845627
24,17,3.2,0.4,0.0908584853002741,-0.00955654965461235
24,18,3.2,0.8,0.0831697688134423,-0.00842343439695851
24,19,3.2,1.2,0.0726346257090167,-0.00682231238042563
24,20,3.2,1.6,0.0615926015702725,-0.0050980561158056
24,21,3.2,2,0.0518268089092622,-0.00354522233236742
24,22,3.2,2.4,0.0441828313762862,-0.00232183834066963
24,23,3.2,2.8,0.0387172642190822,-0.00145006155746533
24,24,3.2,3.2,0.0350648733883535,-0.000871814177985707
24,25,3.2,3.6,0.0327469872821964,-0.000508610320296343
24,26,3.2,4,0.0313347081013584,-0.000289229370247946
24,27,3.2,4.4,0.0305020499718926,-0.00016098108566285
24,28,3.2,4.8,0.0300234907487073,-8.75757257548721e-05
24,29,3.2,5.2,0.0297553845969272,-4.68654430052587e-05
24,30,3.2,5.6,0.0296115384375245,-2.52577158484475e-05
24,31,3.2,6,0.0294967504674162,3.13636274171152e-07
25,0,3.6,-6.4,0.0294967504674162,-1.65397507222223e-08
25,1,3.6,-6,0.0295108298253205,-1.05797566804803e-05
25,2,3.6,-5.6,0.0295580915745094,-1.77278551774726e-05
25,3,3.6,-5.2,0.0296529762191818,-3.19858290871427e-05
25,4,3.6,-4.8,0.0298241392996148,-5.77646645755334e-05
25,5,3.6,-4.4,0.0301214634946273,-0.000102955269495401
25,6,3.6,-4,0.0306236026367614,-0.00017974156447767
25,7,3.6,-3.6,0.0314466227056101,-0.000306659495152235
25,8,3.6,-3.2,0.0327476117848283,-0.000508753068318781
25,9,3.6,-2.8,0.0347149394068733,-0.000816780335831396
25,10,3.6,-2.4,0.0375319072263075,-0.00126109834274463
25,11,3.6,-2,0.0412998074349517,-0.00186060036203263
25,12,3.6,-1.6,0.0459186575319281,-0.00259934894513791
25,13,3.6,-1.2,0.0509663083387812,-0.00340759150029699
25,14,3.6,-0.8,0.0556681390868122,-0.00415834665618186
25,15,3.6,-0.4,0.0590527223394759,-0.00469689924465233
25,16,3.6,0,0.0602902443411226,-0.0048926010800905
25,17,3.6,0.4,0.0590518616052002,-0.00469701090250971
25,18,3.6,0.8,0.0556666411789121,-0.00415998267771153
25,19,3.6,1.2,0.0509645169375882,-0.00340769884428845
25,20,3.6,1.6,0.0459168982862586,-0.00259875150476671
25,21,3.6,2,0.0412982952880155,-0.00186050260008761
25,22,3.6,2.4,0.0375307246867825,-0.00126169845269912
25,23,3.6,2.8,0.03471407278054,-0.000816766749624811
25,24,3.6,3.2,0.0327469872821964,-0.00050843120609079
25,25,3.6,3.6,0.0314461389260376,-0.000306467900997747
25,26,3.6,4,0.0306231334323817,-0.000179488781526254
25,27,3.6,4.4,0.0301208647239874,-0.000102758502742165
25,28,3.6,4.8,0.029823109848417,-5.73727333416743e-05
25,29,3.6,5.2,0.0296516459810486,-3.13369894221942e-05
25,30,3.6,5.6,0.0295571717898492,-1.72044520549717e-05
25,31,3.6,6,0.0294967504674162,-1.82342812761044e-07
26,0,4,-6.4,0.0294967504674162,-1.0423393717437e-07
26,1,4,-6,0.0294871522554718,-7.11812804912353e-06
26,2,4,-5.6,0.0295176309503401,-1.17726899569444e-05
26,3,4,-5.2,0.0295774259768496,-2.07786583306222e-05
26,4,4,-4.8,0.0296833527777056,-3.68137412019353e-05
26,5,4,-4.4,0.0298629266766393,-6.3859546277075e-05
26,6,4,-4,0.0301570490622373,-0.000108273626507314
26,7,4,-3.6,0.0306233511490504,-0.000179609157140918
26,8,4,-3.2,0.0313350194858884,-0.00028918883680786
26,9,4,-2.8,0.0323721827796179,-0.000450421268432943
26,10,4,-2.4,0.0338010783875579,-0.000673422240737819
26,11,4,-2,0.0356386440308723,-0.000962181265390593
26,12,4,-1.6,0.0378073857264277,-0.00130482859429354
26,13,4,-1.2,0.0400985717640554,-0.00166949930078126
26,14,4,-0.8,0.0421752607976849,-0.0020004048722374
26,15,4,-0.4,0.0436422523286949,-0.00223598710830692
26,16,4,0,0.0441734860536104,-0.00231936707387816
26,17,4,0.4,0.043641885661452,-0.00223524753993732
26,18,4,0.8,0.0421746133098152,-0.00200004391242007
26,19,4,1.2,0.0400977788930207,-0.00166931343054534
26,20,4,1.6,0.0378065826123127,-0.00130504580062246
26,21,4,2,0.0356379282944065,-0.000961891969524924
26,22,4,2.4,0.0338004992817493,-0.000673225643628275
26,23,4,2.8,0.0323717464100258,-0.000450180246281355
26,24,4,3.2,0.0313347081013584,-0.000289303335976722
26,25,4,3.6,0.0306231334323817,-0.000179650750392836
26,26,4,4,0.0301568901708999,-0.000107956949650574
26,27,4,4.4,0.029862799351029,-6.36029264341297e-05
26,28,4,4.8,0.0296833123881118,-3.64114970395749e-05
26,29,4,5.2,0.0295773041660693,-2.03031580859342e-05
26,30,4,5.6,0.0295172680224257,-1.13157342193264e-05
26,31,4,6,0.0294967504674162,-1.46858996881934e-07
27,0,4.4,-6.4,0.0294967504674162,3.5314277677787e-07
27,1,4.4,-6,0.0294703657604735,-4.59343381001528e-06
27,2,4.4,-5.6,0.0294893439077826,-7.34398790900378e-06
27,3,4.4,-5.2,0.0295256198697971,-1.30711212578844e-05
27,4,4.4,-4.8,0.0295891219057317,-2.26577284356394e-05
27,5,4.4,-4.4,0.0296947047307646,-3.84271573190881e-05
27,6,4.4,-4,0.0298627581109142,-6.36738308159614e-05
27,7,4.4,-3.6,0.0301209230091454,-0.000102691967332889
27,8,4.4,-3.2,0.0305021873156709,-0.000160965005341582
27,9,4.4,-2.8,0.0310395191159701,-0.000243689880053624
27,10,4.4,-2.4,0.0317552343142324,-0.0003541991982977
27,11,4.4,-2,0.0326454801351655,-0.000492379223526511
27,12,4.4,-1.6,0.0336631897456214,-0.000651698217709414
27,13,4.4,-1.2,0.0347078464427126,-0.000815317066144187
27,14,4.4,-0.8,0.0356325229012675,-0.000961143990449325
27,15,4.4,-0.4,0.0362746274799165,-0.00106214797375316
27,16,4.4,0,0.0365050712580526,-0.0010981744406328
27,17,4.4,0.4,0.0362744700239581,-0.00106228164902292
27,18,4.4,0.8,0.0356322414194444,-0.00096091895253072
27,19,4.4,1.2,0.0347074939889377,-0.000815570519901148
27,20,4.4,1.6,0.0336628235727783,-0.00065158367071223
27,21,4.4,2,0.032645143788305,-0.000493102388360529
27,22,4.4,2.4,0.0317549563261339,-0.00035410504496628
27,23,4.4,2.8,0.0310393081826057,-0.0002433398734384
27,24,4.4,3.2,0.0305020499718926,-0.000160863139299418
27,25,4.4,3.6,0.0301208647239874,-0.000102875092632714
27,26,4.4,4,0.029862799351029,-6.35805018481624e-05
27,27,4.4,4.4,0.0296948987480872,-3.83415270210951e-05
27,28,4.4,4.8,0.0295897784552738,-2.23937293317946e-05
27,29,4.4,5.2,0.0295263626645145,-1.28631816151199e-05
27,30,4.4,5.6,0.0294893814977904,-7.37271632146006e-06
27,31,4.4,6,0.0294967504674162,-1.27699790903065e-07
28,0,4.8,-6.4,0.0294967504674162,2.95655447859892e-08
28,1,4.8,-6,0.0294596120552794,-2.88276454858671e-06
28,2,4.8,-5.6,0.0294711319782674,-4.64324991088666e-06
28,3,4.8,-5.2,0.0294922290264608,-7.91221124450962e-06
28,4,4.8,-4.8,0.0295289875034656,-1.35354531662488e-05
28,5,4.8,-4.4,0.0295893994226849,-2.25121373877023e-05
28,6,4.8,-4,0.0296831601182431,-3.6488752071682e-05
28,7,4.8,-3.6,0.0298230821108773,-5.74575911477504e-05
28,8,4.8,-3.2,0.0300235359558893,-8.77363954893706e-05
28,9,4.8,-2.8,0.0302975347807176,-0.000129339315885906
28,10,4.8,-2.4,0.0306517134722024,-0.000183550980012542
28,11,4.8,-2,0.0310797714396098,-0.00024946286274852
28,12,4.8,-1.6,0.0315562516806755,-0.000323110466844639
28,13,4.8,-1.2,0.0320339971965931,-0.000397159699684447
28,14,4.8,-0.8,0.0324488111526841,-0.000461896749917744
28,15,4.8,-0.4,0.0327330173351928,-0.000506331336039049
28,16,4.8,0,0.0328343064339594,-0.000521976459239716
28,17,4.8,0.4,0.0327329491316298,-0.000506128364778874
28,18,4.8,0.8,0.0324486879754923,-0.000462052800414262
28,19,4.8,1.2,0.0320338400766485,-0.000397081290597169
28,20,4.8,1.6,0.0315560852688386,-0.000322983565690408
28,21,4.8,2,0.0310796147692761,-0.000249354001170544
28,22,4.8,2.4,0.0306515835914278,-0.000183431488479276
28,23,4.8,2.8,0.0302974387569472,-0.000129163554526597
28,24,4.8,3.2,0.0300234907487073,-8.76286652323592e-05
28,25,4.8,3.6,0.029823109848417,-5.73820453888652e-05
28,26,4.8,4,0.0296833123881119,-3.63351900020326e-05
28,27,4.8,4.4,0.0295897784552738,-2.24365541342012e-05
28,28,4.8,4.8,0.0295300582505857,-1.34931431087388e-05
28,29,4.8,5.2,0.0294934385206622,-7.90340168953703e-06
28,30,4.8,5.6,0.029471260577586,-4.5846567642562e-06
28,31,4.8,6,0.0294967504674162,-1.10057939487047e-07
29,0,5.2,-6.4,0.0294967504674162,-8.72925031236685e-08
29,1,5.2,-6,0.0294532146192178,-1.62677280305387e-06
29,2,5.2,-5.6,0.0294599259853329,-2.64924253849315e-06
29,3,5.2,-5.2,0.0294717012327452,-4.57752158667511e-06
29,4,5.2,-4.8,0.0294922284012235,-7.82018268689696e-06
29,5,5.2,-4.4,0.0295259080775503,-1.27301113013789e-05
29,6,5.2,-4,0.0295771066175072,-2.03840638610416e-05
29,7,5.2,-3.6,0.0296515809704613,-3.13800543253985e-05
29,8,5.2,-3.2,0.0297553858644006,-4.68975790229258e-05
29,9,5.2,-2.8,0.0298934019688474,-6.75187582704475e-05
29,10,5.2,-2.4,0.0300670583586712,-9.38291520848645e-05
29,11,5.2,-2,0.0302716917392709,-0.000124957748637282
29,12,5.2,-1.6,0.0304942967369341,-0.000158855208186111
29,13,5.2,-1.2,0.0307131014475749,-0.000192513679892081
29,14,5.2,-0.8,0.0309001255678185,-0.000221234144471188
29,15,5.2,-0.4,0.0310268210106645,-0.000240812086332934
29,16,5.2,0,0.0310717121294048,-0.00024788047029755
29,17,5.2,0.4,0.0310267912540861,-0.000240814267347671
29,18,5.2,0.8,0.030900071579755,-0.000221485881389482
29,19,5.2,1.2,0.0307130311905245,-0.000192513284041997
29,20,5.2,1.6,0.030494221464148,-0.000158953687616274
29,21,5.2,2,0.0302716192903953,-0.000124845185262142
29,22,5.2,2.4,0.0300669996597791,-9.38863474313118e-05
29,23,5.2,2.8,0.0298933621112007,-6.75762191308969e-05
29,24,5.2,3.2,0.0297553845969272,-4.68122046364282e-05
29,25,5.2,3.6,0.0296516459810486,-3.1337589454101e-05
29,26,5.2,4,0.0295773041660693,-2.02260794868582e-05
29,27,5.2,4.4,0.0295263626645145,-1.27700652279274e-05
29,28,5.2,4.8,0.0294934385206623,-7.82117228136641e-06
29,29,5.2,5.2,0.0294729973309485,-4.72907616587708e-06
29,30,5.2,5.6,0.0294601369976574,-2.71420872555511e-06
29,31,5.2,6,0.0294967504674162,3.56274446217894e-07
30,0,5.6,-6.4,0.0294967504674162,3.21788227937351e-07
30,1,5.6,-6,0.0294490984169146,-1.05133695528473e-06
30,2,5.6,-5.6,0.0294524711870422,-1.58812349205997e-06
30,3,5.6,-5.2,0.0294587231242959,-2.63433644885661e-06
30,4,5.6,-4.8,0.0294701038396735,-4.56241715907067e-06
30,5,5.6,-4.4,0.0294889102282152,-7.32043553072231e-06
30,6,5.6,-4,0.0295170593532301,-1.14419967040663e-05
30,7,5.6,-3.6,0.0295570941045033,-1.7203977191953e-05
30,8,5.6,-3.2,0.029611522587534,-2.52622952355183e-05
30,9,5.6,-2.8,0.0296820748569798,-3.56404441965423e-05
30,10,5.6,-2.4,0.0297686841726718,-4.86193998540337e-05
30,11,5.6,-2,0.029868407931202,-6.35772136865196e-05
30,12,5.6,-1.6,0.0299746586675147,-7.96195220377106e-05
30,13,5.6,-1.2,0.0300772748112912,-9.52139702095755e-05
30,14,5.6,-0.8,0.0301637495475681,-0.000108205446800587
30,15,5.6,-0.4,0.0302217938375185,-0.000116984604350295
30,16,5.6,0,0.0302422638302052,-0.0001200606334568
30,17,5.6,0.4,0.0302217806017867,-0.00011715957240798
30,18,5.6,0.8,0.0301637253063635,-0.000108412141013855
30,19,5.6,1.2,0.0300772427978622,-9.50471159799034e-05
30,20,5.6,1.6,0.0299746238327919,-7.95350478365605e-05
30,21,5.6,2,0.0298683739890697,-6.35066385900615e-05
30,22,5.6,2.4,0.0297686577377704,-4.85994745750381e-05
30,23,5.6,2.8,0.0296820609824644,-3.57026242221014e-05
30,24,5.6,3.2,0.0296115384375245,-2.52024978114872e-05
30,25,5.6,3.6,0.0295571717898492,-1.73074561989681e-05
30,26,5.6,4,0.0295172680224257,-1.14095456267877e-05
30,27,5.6,4.4,0.0294893814977904,-7.28269442405701e-06
30,28,5.6,4.8,0.029471260577586,-4.45726444147769e-06
30,29,5.6,5.2,0.0294601369976574,-2.72846068790816e-06
30,30,5.6,5.6,0.0294532053820815,-1.58003763831787e-06
30,31,5.6,6,0.0294967504674162,6.24270083401873e-08
31,0,6,-6.4,0.0294967504674162,1.07011155504988e-07
31,1,6,-6,0.0294967504674162,6.23854118693458e-08
31,2,6,-5.6,0.0294967504674162,1.03225489338981e-07
31,3,6,-5.2,0.0294967504674162,2.21237045791098e-07
31,4,6,-4.8,0.0294967504674162,7.96701689103786e-08
31,5,6,-4.4,0.0294967504674162,-2.73735106883455e-08
31,6,6,-4,0.0294967504674162,-4.05719430671499e-07
31,7,6,-3.6,0.0294967504674162,5.51651966623452e-08
31,8,6,-3.2,0.0294967504674162,2.27266618468323e-08
31,9,6,-2.8,0.0294967504674162,-1.46248375958556e-07
31,10,6,-2.4,0.0294967504674162,3.36475409769448e-07
31,11,6,-2,0.0294967504674162,4.99309831307981e-08
31,12,6,-1.6,0.0294967504674162,4.83909142363708e-08
31,13,6,-1.2,0.0294967504674162,1.02547399117203e-08
31,14,6,-0.8,0.0294967504674162,3.58748985659253e-07
31,15,6,-0.4,0.0294967504674162,1.63920297794656e-07
31,16,6,0,0.0294967504674162,-7.81754327942366e-08
31,17,6,0.4,0.0294967504674162,1.06763801402248e-07
31,18,6,0.8,0.0294967504674162,-9.74255401624918e-08
31,19,6,1.2,0.0294967504674162,-3.62837468694558e-07
31,20,6,1.6,0.0294967504674162,-1.90849410326086e-07
31,21,6,2,0.0294967504674162,7.01024997091466e-08
31,22,6,2.4,0.0294967504674162,-2.60798493330133e-07
31,23,6,2.8,0.0294967504674162,-6.96612103307205e-08
31,24,6,3.2,0.0294967504674162,-4.01182082059996e-07
31,25,6,3.6,0.0294967504674162,-1.03922439651544e-07
31,26,6,4,0.0294967504674162,-1.64895152309877e-07
31,27,6,4.4,0.0294967504674162,-8.23152247732278e-08
31,28,6,4.8,0.0294967504674162,-1.07833126286562e-07
31,29,6,5.2,0.0294967504674162,-6.86948041342317e-08
31,30,6,5.6,0.0294967504674162,3.36305490451149e-08
31,31,6,6,0.0294967504674162,-2.84677707939094e-07
